Histórico;Solicitante;Órgão;Despacho;Horas Voadas;Aeronave;Número DB;Base;Data;Órgãos;Origem;Destino;Nome;Cargo/Função;Órgão
Traslado do Exmo. Governador de Minas e comitiva atÃ© a cidade de Campinas/SP;Romeu Zema Neto;Secretaria-Geral do Estado de Minas Gerais;PLANEJADA;02:12:00;PT-MGS;0032-2025;DTA;04/07/2025;SECRETARIA-GERAL;CAMPINAS;BELO HORIZONTE;Alexander Duarte Marinho;Ajudante de Ordens do Governador;GABINETE MILITAR DO GOVERNADOR
Traslado do Exmo. Governador de Governador Valadares/MG para Belo Horizonte.;Romeu Zema Neto;Secretaria-Geral do Estado de Minas Gerais;PLANEJADA;01:18:00;PP-LCE - PEGASUS 69;0126-2025;DTA;08/08/2025;SECRETARIA-GERAL;GOVERNADOR VALADARES;BELO HORIZONTE;Alexander Duarte Marinho;Ajudante de Ordens do Governador;GABINETE MILITAR DO GOVERNADOR
Traslado do Exmo. Governador de Minas Gerais e comitiva para a cidade de Mariana/MG;Romeu Zema Neto;Secretaria-Geral do Estado de Minas Gerais;PLANEJADA;01:05:00;PR-DTG;0072-2025;DTA;16/07/2025;SECRETARIA-GERAL;MARIANA;BELO HORIZONTE;Alexander Duarte Marinho;Ajudante de Ordens do Governador;GABINETE MILITAR DO GOVERNADOR
Traslado do Exmo. Governador de Minas e Comitiva até a cidade de Porto Alegre/RS;Romeu Zema Neto;Secretaria-Geral do Estado de Minas Gerais;PLANEJADA;02:36:00;PP-LCE - PEGASUS 118;0151-2025;DTA;04/10/2025;SECRETARIA-GERAL  ;PORTO ALEGRE;BELO HORIZONTE;Alexander Duarte Marinho;Ajudante de Ordens do Governador;GABINETE MILITAR DO GOVERNADOR
Traslado do Exmo. Governador de Minas Gerais e comitiva para as cidades de TrÃªs CoraÃ§Ãµes, Varginha e PoÃ§os de Caldas/MG e SÃ£o JoÃ£o da Boa Vista/SP;Romeu Zema Neto;Secretaria-Geral do Estado de Minas Gerais;PLANEJADA;02:30:00;PP-EJO;0039-2025;EsAF;11/07/2025;SECRETARIA-GERAL;SAO JOAO DA BOA VISTA;BELO HORIZONTE;Alexander Duarte Marinho;Ajudante de Ordens do Governador;GABINETE MILITAR DO GOVERNADOR
Traslado do Exmo. Governador de Minas Gerais e Comitiva de São Paulo/SP (Guarulhos) para Belo Horizonte.;Romeu Zema Neto;Secretaria-Geral do Estado de Minas Gerais;PLANEJADA;01:06:00;PP-LCE - PEGASUS 137;0155-2025;DTA;25/10/2025;SECRETARIA-GERAL  ;SAO PAULO;BELO HORIZONTE;Alexander Duarte Marinho;Ajudante de Ordens do Governador;GABINETE MILITAR DO GOVERNADOR
Traslado do Exmo. Governador de Minas e comitiva atÃ© a cidade de ConceiÃ§Ã£o do Mato Dentro/ MG;Romeu Zema Neto;Secretaria-Geral do Estado de Minas Gerais;PLANEJADA;01:27:00;PR-DTG;0064-2025;DTA;03/07/2025;SECRETARIA-GERAL;SERRO;BELO HORIZONTE;Alexander Duarte Marinho;Ajudante de Ordens do Governador;GABINETE MILITAR DO GOVERNADOR
Traslado do Exmo. Governador de Sete Lagoas/MG para Belo Horizonte.;Romeu Zema Neto;Secretaria-Geral do Estado de Minas Gerais;PLANEJADA;00:36:00;PP-LCE - PEGASUS 90;0130-2025;DTA;15/08/2025;SECRETARIA-GERAL;SETE LAGOAS;BELO HORIZONTE;Alexander Duarte Marinho;Ajudante de Ordens do Governador;GABINETE MILITAR DO GOVERNADOR
Traslado do Exmo. Governador de Uberaba/MG para Belo Horizonte.;Romeu Zema Neto;Secretaria-Geral do Estado de Minas Gerais;PLANEJADA;01:12:00;PP-LCE - PEGASUS 42;0138-2025;DTA;05/09/2025;SECRETARIA-GERAL;UBERABA;BELO HORIZONTE;Alexander Duarte Marinho;Ajudante de Ordens do Governador;GABINETE MILITAR DO GOVERNADOR
Traslado do Exmo. Sr. Governador do Estado de Minas Gerais e comitiva para a cidade de Uberlândia/MG;Romeu Zema Neto;Secretaria-Geral do Estado de Minas Gerais;PLANEJADA;01:06:00;PP-LCE - PEGASUS 131;0153-2025;DTA;06/10/2025;SECRETARIA-GERAL  ;UBERLANDIA;BELO HORIZONTE;Alexander Duarte Marinho;Ajudante de Ordens do Governador;GABINETE MILITAR DO GOVERNADOR
Traslado do Exmo. Governador de Minas e comitiva atÃ© a cidade de Campinas/SP;Romeu Zema Neto;Secretaria-Geral do Estado de Minas Gerais;PLANEJADA;02:12:00;PT-MGS;0031-2025;DTA;03/07/2025;SECRETARIA-GERAL;BELO HORIZONTE;CAMPINAS;Alexander Duarte Marinho;Ajudante de Ordens do Governador;GABINETE MILITAR DO GOVERNADOR
Traslado do Exmo. Governador de Minas e comitiva atÃ© a cidade de ConceiÃ§Ã£o do Mato Dentro/ MG;Romeu Zema Neto;Secretaria-Geral do Estado de Minas Gerais;PLANEJADA;01:27:00;PR-DTG;0062-2025;DTA;03/07/2025;SECRETARIA-GERAL;BELO HORIZONTE;CONCEICAO DO MATO DENTRO;Alexander Duarte Marinho;Ajudante de Ordens do Governador;GABINETE MILITAR DO GOVERNADOR
Traslado do Exmo. Governador para evento em Governador Valadares/MG.;Romeu Zema Neto;Secretaria-Geral do Estado de Minas Gerais;PLANEJADA;01:18:00;PP-LCE - PEGASUS 65;0125-2025;DTA;08/08/2025;SECRETARIA-GERAL;BELO HORIZONTE;GOVERNADOR VALADARES;Alexander Duarte Marinho;Ajudante de Ordens do Governador;GABINETE MILITAR DO GOVERNADOR
Traslado do Exmo. Governador de Minas Gerais e comitiva para a cidade de Mariana/MG;Romeu Zema Neto;Secretaria-Geral do Estado de Minas Gerais;PLANEJADA;01:05:00;PR-DTG;0071-2025;DTA;16/07/2025;SECRETARIA-GERAL;BELO HORIZONTE;MARIANA;Alexander Duarte Marinho;Ajudante de Ordens do Governador;GABINETE MILITAR DO GOVERNADOR
Traslado do Exmo. Governador de Minas Gerais e comitiva para as cidades de TrÃªs CoraÃ§Ãµes, Varginha e PoÃ§os de Caldas/MG e SÃ£o JoÃ£o da Boa Vista/SP;Romeu Zema Neto;Secretaria-Geral do Estado de Minas Gerais;PLANEJADA;02:30:00;PP-EJO;0037-2025;EsAF;11/07/2025;SECRETARIA-GERAL;VARGINHA;POCOS DE CALDAS;Alexander Duarte Marinho;Ajudante de Ordens do Governador;GABINETE MILITAR DO GOVERNADOR
Traslado do Exmo. Governador de Minas e Comitiva até a cidade de Porto Alegre/RS;Romeu Zema Neto;Secretaria-Geral do Estado de Minas Gerais;PLANEJADA;02:36:00;PP-LCE - PEGASUS 112;0150-2025;DTA;03/10/2025;SECRETARIA-GERAL  ;BELO HORIZONTE;PORTO ALEGRE;Alexander Duarte Marinho;Ajudante de Ordens do Governador;GABINETE MILITAR DO GOVERNADOR
Traslado do Exmo. Governador para evento em Sete Lagoas/MG.;Romeu Zema Neto;Secretaria-Geral do Estado de Minas Gerais;PLANEJADA;00:36:00;PP-LCE - PEGASUS 85;0129-2025;DTA;15/08/2025;SECRETARIA-GERAL;BELO HORIZONTE;SETE LAGOAS;Alexander Duarte Marinho;Ajudante de Ordens do Governador;GABINETE MILITAR DO GOVERNADOR
Traslado do Exmo. Governador de Minas Gerais e comitiva para as cidades de TrÃªs CoraÃ§Ãµes, Varginha e PoÃ§os de Caldas/MG e SÃ£o JoÃ£o da Boa Vista/SP;Romeu Zema Neto;Secretaria-Geral do Estado de Minas Gerais;PLANEJADA;02:30:00;PP-EJO;0035-2025;EsAF;11/07/2025;SECRETARIA-GERAL;BELO HORIZONTE;TRES CORACOES;Alexander Duarte Marinho;Ajudante de Ordens do Governador;GABINETE MILITAR DO GOVERNADOR
Traslado do Exmo. Governador para evento em Uberaba/MG.;Romeu Zema Neto;Secretaria-Geral do Estado de Minas Gerais;PLANEJADA;01:12:00;PP-LCE - PEGASUS 37;0137-2025;DTA;05/09/2025;SECRETARIA-GERAL;BELO HORIZONTE;UBERABA;Alexander Duarte Marinho;Ajudante de Ordens do Governador;GABINETE MILITAR DO GOVERNADOR
Traslado do Exmo. Sr. Governador do Estado de Minas Gerais e comitiva para a cidade de Uberlândia/MG;Romeu Zema Neto;Secretaria-Geral do Estado de Minas Gerais;PLANEJADA;01:06:00;PP-LCE - PEGASUS 125;0152-2025;DTA;06/10/2025;SECRETARIA-GERAL  ;BELO HORIZONTE;UBERLANDIA;Alexander Duarte Marinho;Ajudante de Ordens do Governador;GABINETE MILITAR DO GOVERNADOR
Traslado do Exmo. Governador de Minas Gerais e comitiva para as cidades de São Paulo/SP, Campinas/SP e Araxá/MG.;Romeu Zema Neto;Secretaria-Geral do Estado de Minas Gerais;PLANEJADA;00:54:00;PP-LCE - PEGASUS 163;0161-2025;DTA;31/10/2025;SECRETARIA-GERAL  ;CAMPINAS;ARAXA;Rafael Luiz Rebuiti Passos;Assessor de Imprensa;SECOM
Traslado do Exmo. Governador de Minas e comitiva atÃ© a cidade de Campinas/SP;Romeu Zema Neto;Secretaria-Geral do Estado de Minas Gerais;PLANEJADA;02:12:00;PT-MGS;0032-2025;DTA;04/07/2025;SECRETARIA-GERAL;CAMPINAS;BELO HORIZONTE;Rafael Luiz Rebuiti Passos;Assessor de Imprensa;SECOM
Traslado do Exmo. Governador de Minas e comitiva atÃ© a cidade de Campinas/SP;Romeu Zema Neto;Secretaria-Geral do Estado de Minas Gerais;PLANEJADA;02:12:00;PT-MGS;0031-2025;DTA;03/07/2025;SECRETARIA-GERAL;BELO HORIZONTE;CAMPINAS;Rafael Luiz Rebuiti Passos;Assessor de Imprensa;SECOM
Traslado do Exmo. Governador de Minas Gerais e comitiva para as cidades de São Paulo/SP, Campinas/SP e Araxá/MG.;Romeu Zema Neto;Secretaria-Geral do Estado de Minas Gerais;PLANEJADA;01:18:00;PP-LCE - PEGASUS 157;0158-2025;DTA;30/10/2025;SECRETARIA-GERAL  ;RIO DE JANEIRO;CAMPINAS;Rafael Luiz Rebuiti Passos;Assessor de Imprensa;SECOM
Traslado do Exmo. Governador de Minas Gerais e comitiva para as cidades de São Paulo/SP, Campinas/SP e Araxá/MG.;Romeu Zema Neto;Secretaria-Geral do Estado de Minas Gerais;PLANEJADA;01:00:00;PP-LCE - PEGASUS 151;0157-2025;DTA;30/10/2025;SECRETARIA-GERAL  ;SAO PAULO;RIO DE JANEIRO;Rafael Luiz Rebuiti Passos;Assessor de Imprensa;SECOM
Traslado do Exmo. Governador de Minas Gerais e comitiva para as cidades de São Paulo/SP, Campinas/SP e Araxá/MG.;Romeu Zema Neto;Secretaria-Geral do Estado de Minas Gerais;PLANEJADA;01:30:00;PP-LCE - PEGASUS 145;0156-2025;DTA;29/10/2025;SECRETARIA-GERAL  ;BELO HORIZONTE;SAO PAULO;Rafael Luiz Rebuiti Passos;Assessor de Imprensa;SECOM
Traslado do Exmo. Sr. Governador do Estado de Minas Gerais e comitiva para as cidades de Montes Claros/MG e SÃ£o Paulo/SP;Romeu Zema Neto;Secretaria-Geral do Estado de Minas Gerais;PLANEJADA;03:24:00;PT-MGS;0018-2025;DTA;03/06/2025;SECRETARIA-GERAL;SAO PAULO;BELO HORIZONTE;Filipe Natanael Correa Cardoso;Assessor de Redes Sociais;Secretaria de Estado de Comunicação Social
Traslado do Exmo. Sr. Governador do Estado de Minas Gerais e comitiva para as cidades de Montes Claros/MG e SÃ£o Paulo/SP;Romeu Zema Neto;Secretaria-Geral do Estado de Minas Gerais;PLANEJADA;03:24:00;PT-MGS;0017-2025;DTA;02/06/2025;SECRETARIA-GERAL;MONTES CLAROS;SAO PAULO;Filipe Natanael Correa Cardoso;Assessor de Redes Sociais;Secretaria de Estado de Comunicação Social
Traslado do Exmo. Governador de Minas Gerais e comitiva para as cidades de TrÃªs CoraÃ§Ãµes, Varginha e PoÃ§os de Caldas/MG e SÃ£o JoÃ£o da Boa Vista/SP;Romeu Zema Neto;Secretaria-Geral do Estado de Minas Gerais;PLANEJADA;02:30:00;PP-EJO;0037-2025;EsAF;11/07/2025;SECRETARIA-GERAL;VARGINHA;POCOS DE CALDAS;Diego Felipe Nonato;Assessor Especial;Secretaria de Estado de Governo
Traslado do Exmo. Sr. Governador de Minas Gerais e comitiva para a cidade de BrasÃ­lia/DF;Romeu Zema Neto;Secretaria-Geral do Estado de Minas Gerais;PLANEJADA;03:18:00;PT-MGS;0024-2025;DTA;11/06/2025;SECRETARIA-GERAL;BRASILIA;BELO HORIZONTE;Eric da Cruz Gonçalves;Assessor Especial;Secretaria de Estado de Comunicação Social
Traslado do Exmo. Governador de Minas e Comitiva atÃ© a cidade de BrasÃ­lia/DF;Romeu Zema Neto;Secretaria-Geral do Estado de Minas Gerais;PLANEJADA;02:48:00;PT-MGS;0036-2025;DTA;14/07/2025;SECRETARIA-GERAL;BRASILIA;BELO HORIZONTE;Eric da Cruz Gonçalves;Assessor Especial;Secretaria de Estado de Comunicação Social
Traslado do Exmo. Governador de Minas e comitiva atÃ© a cidade de Campinas/SP;Romeu Zema Neto;Secretaria-Geral do Estado de Minas Gerais;PLANEJADA;02:12:00;PT-MGS;0032-2025;DTA;04/07/2025;SECRETARIA-GERAL;CAMPINAS;BELO HORIZONTE;Eric da Cruz Gonçalves;Assessor Especial;Secretaria de Estado de Comunicação Social
Traslado do Exmo. Governador de Minas Gerais e comitiva para a cidade de Mariana/MG;Romeu Zema Neto;Secretaria-Geral do Estado de Minas Gerais;PLANEJADA;01:05:00;PR-DTG;0072-2025;DTA;16/07/2025;SECRETARIA-GERAL;MARIANA;BELO HORIZONTE;Eric da Cruz Gonçalves;Assessor Especial;Secretaria de Estado de Comunicação Social
Traslado do Exmo. Sr. Governador do Estado de Minas Gerais e comitiva para as cidades de Montes Claros/MG e SÃ£o Paulo/SP;Romeu Zema Neto;Secretaria-Geral do Estado de Minas Gerais;PLANEJADA;03:24:00;PT-MGS;0018-2025;DTA;03/06/2025;SECRETARIA-GERAL;SAO PAULO;BELO HORIZONTE;Eric da Cruz Gonçalves;Assessor Especial;Secretaria de Estado de Comunicação Social
Traslado do Exmo. Sr. Governador do Estado de Minas Gerais e comitiva com destino a SÃ£o Paulo/SP (Congonhas);Romeu Zema Neto;Secretaria-Geral do Estado de Minas Gerais;PLANEJADA;02:30:00;PT-MGS;0022-2025;DTA;06/06/2025;SECRETARIA-GERAL;SAO PAULO;BELO HORIZONTE;Eric da Cruz Gonçalves;Assessor Especial;Secretaria de Estado de Comunicação Social
Traslado do Exmo. Sr. Governador de Minas Gerais e comitiva para a cidade de BrasÃ­lia/DF;Romeu Zema Neto;Secretaria-Geral do Estado de Minas Gerais;PLANEJADA;03:18:00;PT-MGS;0023-2025;DTA;11/06/2025;SECRETARIA-GERAL;BELO HORIZONTE;BRASILIA;Eric da Cruz Gonçalves;Assessor Especial;Secretaria de Estado de Comunicação Social
Traslado do Exmo. Governador de Minas e Comitiva atÃ© a cidade de BrasÃ­lia/DF;Romeu Zema Neto;Secretaria-Geral do Estado de Minas Gerais;PLANEJADA;02:48:00;PT-MGS;0035-2025;DTA;14/07/2025;SECRETARIA-GERAL;BELO HORIZONTE;BRASILIA;Eric da Cruz Gonçalves;Assessor Especial;Secretaria de Estado de Comunicação Social
Traslado do Exmo. Governador de Minas e comitiva atÃ© a cidade de Campinas/SP;Romeu Zema Neto;Secretaria-Geral do Estado de Minas Gerais;PLANEJADA;02:12:00;PT-MGS;0031-2025;DTA;03/07/2025;SECRETARIA-GERAL;BELO HORIZONTE;CAMPINAS;Eric da Cruz Gonçalves;Assessor Especial;Secretaria de Estado de Comunicação Social
Traslado do Exmo. Governador de Minas Gerais e comitiva para a cidade de Mariana/MG;Romeu Zema Neto;Secretaria-Geral do Estado de Minas Gerais;PLANEJADA;01:05:00;PR-DTG;0071-2025;DTA;16/07/2025;SECRETARIA-GERAL;BELO HORIZONTE;MARIANA;Eric da Cruz Gonçalves;Assessor Especial;Secretaria de Estado de Comunicação Social
Traslado do Exmo. Sr. Governador do Estado de Minas Gerais e comitiva para as cidades de Montes Claros/MG e SÃ£o Paulo/SP;Romeu Zema Neto;Secretaria-Geral do Estado de Minas Gerais;PLANEJADA;03:24:00;PT-MGS;0016-2025;DTA;02/06/2025;SECRETARIA-GERAL;BELO HORIZONTE;MONTES CLAROS;Eric da Cruz Gonçalves;Assessor Especial;Secretaria de Estado de Comunicação Social
Traslado do Exmo. Sr. Governador do Estado de Minas Gerais e comitiva com destino a SÃ£o Paulo/SP (Congonhas);Romeu Zema Neto;Secretaria-Geral do Estado de Minas Gerais;PLANEJADA;02:30:00;PT-MGS;0020-2025;DTA;05/06/2025;SECRETARIA-GERAL;BELO HORIZONTE;SAO PAULO;Eric da Cruz Gonçalves;Assessor Especial;Secretaria de Estado de Comunicação Social
Traslado do Exmo. Governador de Minas e comitiva atÃ© a cidade de SÃ£o Paulo/SP(Congonhas);Romeu Zema Neto;Secretaria-Geral do Estado de Minas Gerais;PLANEJADA;01:18:00;PT-MGS;0025-2025;DTA;12/06/2025;SECRETARIA-GERAL;BELO HORIZONTE;SAO PAULO;Eric da Cruz Gonçalves;Assessor Especial;Secretaria de Estado de Comunicação Social
Traslado do Exmo. Sr. Governador do Estado de Minas Gerais e comitiva para as cidades de Montes Claros/MG e SÃ£o Paulo/SP;Romeu Zema Neto;Secretaria-Geral do Estado de Minas Gerais;PLANEJADA;03:24:00;PT-MGS;0017-2025;DTA;02/06/2025;SECRETARIA-GERAL;MONTES CLAROS;SAO PAULO;Eric da Cruz Gonçalves;Assessor Especial;Secretaria de Estado de Comunicação Social
Traslado do Exmo. Governador de Minas e comitiva de Brasilia/DF para Belo Horizonte.;Romeu Zema Neto;Secretaria-Geral do Estado de Minas Gerais;PLANEJADA;01:30:00;PP-LCE - PEGASUS 32;0136-2025;DTA;02/09/2025;SECRETARIA-GERAL;BRASILIA;BELO HORIZONTE;Eric da Cruz Gonçalves;Assessor Especial;Secretaria de Estado de Comunicação Social
Traslado do Exmo. Governador de Curitiba/PR para Belo Horizonte.;Romeu Zema Neto;Secretaria-Geral do Estado de Minas Gerais;PLANEJADA;02:12:00;PP-LCE - PEGASUS 80;0128-2025;DTA;13/08/2025;SECRETARIA-GERAL;CURITIBA;BELO HORIZONTE;Eric da Cruz Gonçalves;Assessor Especial;Secretaria de Estado de Comunicação Social
Traslado do Exmo. Governador de Juiz de Fora/MG para Belo Horizonte.;Romeu Zema Neto;Secretaria-Geral do Estado de Minas Gerais;PLANEJADA;00:48:00;PP-LCE - PEGASUS 52;0140-2025;DTA;08/09/2025;SECRETARIA-GERAL;JUIZ DE FORA;BELO HORIZONTE;Eric da Cruz Gonçalves;Assessor Especial;Secretaria de Estado de Comunicação Social
Traslado do Exmo. Governador de Rio de Janeiro/RJ para Belo Horizonte.;Romeu Zema Neto;Secretaria-Geral do Estado de Minas Gerais;PLANEJADA;01:24:00;PP-LCE - PEGASUS 61;0124-2025;DTA;06/08/2025;SECRETARIA-GERAL;RIO DE JANEIRO;BELO HORIZONTE;Eric da Cruz Gonçalves;Assessor Especial;Secretaria de Estado de Comunicação Social
Traslado do Exmo. Governador de Minas e comitiva para reuniao em Brasilia/DF.;Romeu Zema Neto;Secretaria-Geral do Estado de Minas Gerais;PLANEJADA;01:30:00;PP-LCE - PEGASUS 26;0135-2025;DTA;01/09/2025;SECRETARIA-GERAL;BELO HORIZONTE;BRASILIA;Eric da Cruz Gonçalves;Assessor Especial;Secretaria de Estado de Comunicação Social
Traslado do Exmo. Governador para reuniao em Curitiba/PR.;Romeu Zema Neto;Secretaria-Geral do Estado de Minas Gerais;PLANEJADA;02:12:00;PP-LCE - PEGASUS 74;0127-2025;DTA;12/08/2025;SECRETARIA-GERAL;BELO HORIZONTE;CURITIBA;Eric da Cruz Gonçalves;Assessor Especial;Secretaria de Estado de Comunicação Social
Traslado do Exmo. Governador para reuniao em Juiz de Fora/MG.;Romeu Zema Neto;Secretaria-Geral do Estado de Minas Gerais;PLANEJADA;00:48:00;PP-LCE - PEGASUS 48;0139-2025;DTA;08/09/2025;SECRETARIA-GERAL;BELO HORIZONTE;JUIZ DE FORA;Eric da Cruz Gonçalves;Assessor Especial;Secretaria de Estado de Comunicação Social
Traslado do Exmo. Governador para reuniao em Rio de Janeiro/RJ.;Romeu Zema Neto;Secretaria-Geral do Estado de Minas Gerais;PLANEJADA;01:24:00;PP-LCE - PEGASUS 56;0123-2025;DTA;05/08/2025;SECRETARIA-GERAL;BELO HORIZONTE;RIO DE JANEIRO;Eric da Cruz Gonçalves;Assessor Especial;Secretaria de Estado de Comunicação Social
Traslado do Exmo. Governador de Minas Gerais e comitiva para as cidades de São Paulo/SP, Campinas/SP e Araxá/MG.;Romeu Zema Neto;Secretaria-Geral do Estado de Minas Gerais;PLANEJADA;00:54:00;PP-LCE - PEGASUS 161;0161-2025;DTA;31/10/2025;SECRETARIA-GERAL  ;CAMPINAS;ARAXA;Eric da Cruz Gonçalves;Assessor Especial;Secretaria de Estado de Comunicação Social
Traslado do Exmo. Governador de Minas e Comitiva até a cidade de Porto Alegre/RS;Romeu Zema Neto;Secretaria-Geral do Estado de Minas Gerais;PLANEJADA;02:36:00;PP-LCE - PEGASUS 119;0151-2025;DTA;04/10/2025;SECRETARIA-GERAL  ;PORTO ALEGRE;BELO HORIZONTE;Eric da Cruz Gonçalves;Assessor Especial;Secretaria de Estado de Comunicação Social
Traslado do Exmo. Governador de Minas e comitiva até a cidade de São Paulo/SP.;Romeu Zema Neto;Secretaria-Geral do Estado de Minas Gerais;PLANEJADA;01:18:00;PP-LCE - PEGASUS 96;0147-2025;DTA;01/10/2025;SECRETARIA-GERAL  ;SAO PAULO;BELO HORIZONTE;Eric da Cruz Gonçalves;Assessor Especial;Secretaria de Estado de Comunicação Social
Traslado do Exmo. Governador de Minas Gerais e comitiva para as cidades de São Paulo/SP, Campinas/SP e Araxá/MG.;Romeu Zema Neto;Secretaria-Geral do Estado de Minas Gerais;PLANEJADA;01:18:00;PP-LCE - PEGASUS 155;0158-2025;DTA;30/10/2025;SECRETARIA-GERAL  ;RIO DE JANEIRO;CAMPINAS;Eric da Cruz Gonçalves;Assessor Especial;Secretaria de Estado de Comunicação Social
Traslado do Exmo. Governador de Minas e Comitiva até a cidade de Porto Alegre/RS;Romeu Zema Neto;Secretaria-Geral do Estado de Minas Gerais;PLANEJADA;02:36:00;PP-LCE - PEGASUS 113;0150-2025;DTA;03/10/2025;SECRETARIA-GERAL  ;BELO HORIZONTE;PORTO ALEGRE;Eric da Cruz Gonçalves;Assessor Especial;Secretaria de Estado de Comunicação Social
Traslado do Exmo. Governador de Minas Gerais e comitiva para as cidades de São Paulo/SP, Campinas/SP e Araxá/MG.;Romeu Zema Neto;Secretaria-Geral do Estado de Minas Gerais;PLANEJADA;01:00:00;PP-LCE - PEGASUS 149;0157-2025;DTA;30/10/2025;SECRETARIA-GERAL  ;SAO PAULO;RIO DE JANEIRO;Eric da Cruz Gonçalves;Assessor Especial;Secretaria de Estado de Comunicação Social
Traslado do Exmo. Governador de Minas Gerais e comitiva para as cidades de São Paulo/SP, Campinas/SP e Araxá/MG.;Romeu Zema Neto;Secretaria-Geral do Estado de Minas Gerais;PLANEJADA;01:30:00;PP-LCE - PEGASUS 143;0156-2025;DTA;29/10/2025;SECRETARIA-GERAL  ;BELO HORIZONTE;SAO PAULO;Eric da Cruz Gonçalves;Assessor Especial;Secretaria de Estado de Comunicação Social
Traslado do Exmo. Governador de Minas e comitiva de Brasilia/DF para Belo Horizonte.;Romeu Zema Neto;Secretaria-Geral do Estado de Minas Gerais;PLANEJADA;01:30:00;PP-LCE - PEGASUS 33;0136-2025;DTA;02/09/2025;SECRETARIA-GERAL;BRASILIA;BELO HORIZONTE;Andreza Gischewski Costa;Assessor Especial;Secretaria-Geral do Estado de Minas Gerais
Traslado do Exmo. Governador de Governador Valadares/MG para Belo Horizonte.;Romeu Zema Neto;Secretaria-Geral do Estado de Minas Gerais;PLANEJADA;01:18:00;PP-LCE - PEGASUS 70;0126-2025;DTA;08/08/2025;SECRETARIA-GERAL;GOVERNADOR VALADARES;BELO HORIZONTE;Andreza Gischewski Costa;Assessor Especial;Secretaria-Geral do Estado de Minas Gerais
Traslado do Exmo. Sr. Governador de Minas Gerais e comitiva para a cidade de Montes Claros/MG.;Romeu Zema Neto;Secretaria-Geral do Estado de Minas Gerais;PLANEJADA;01:00:00;PP-LCE - PEGASUS 107;0149-2025;DTA;02/10/2025;SECRETARIA-GERAL  ;MONTES CLAROS;BELO HORIZONTE;Andreza Gischewski Costa;Assessor Especial;Secretaria-Geral do Estado de Minas Gerais
Traslado do Exmo. Governador de Minas Gerais e comitiva para as cidades de TrÃªs CoraÃ§Ãµes, Varginha e PoÃ§os de Caldas/MG e SÃ£o JoÃ£o da Boa Vista/SP;Romeu Zema Neto;Secretaria-Geral do Estado de Minas Gerais;PLANEJADA;02:30:00;PP-EJO;0039-2025;EsAF;11/07/2025;SECRETARIA-GERAL;SAO JOAO DA BOA VISTA;BELO HORIZONTE;Andreza Gischewski Costa;Assessor Especial;Secretaria-Geral do Estado de Minas Gerais
Traslado do Exmo. Governador de Minas Gerais e Comitiva de São Paulo/SP (Guarulhos) para Belo Horizonte.;Romeu Zema Neto;Secretaria-Geral do Estado de Minas Gerais;PLANEJADA;01:06:00;PP-LCE - PEGASUS 138;0155-2025;DTA;25/10/2025;SECRETARIA-GERAL  ;SAO PAULO;BELO HORIZONTE;Andreza Gischewski Costa;Assessor Especial;Secretaria-Geral do Estado de Minas Gerais
Traslado do Exmo. Governador de Minas e comitiva atÃ© a cidade de ConceiÃ§Ã£o do Mato Dentro/ MG;Romeu Zema Neto;Secretaria-Geral do Estado de Minas Gerais;PLANEJADA;01:27:00;PR-DTG;0064-2025;DTA;03/07/2025;SECRETARIA-GERAL;SERRO;BELO HORIZONTE;Andreza Gischewski Costa;Assessor Especial;Secretaria-Geral do Estado de Minas Gerais
Traslado do Exmo. Governador de Sete Lagoas/MG para Belo Horizonte.;Romeu Zema Neto;Secretaria-Geral do Estado de Minas Gerais;PLANEJADA;00:36:00;PP-LCE - PEGASUS 91;0130-2025;DTA;15/08/2025;SECRETARIA-GERAL;SETE LAGOAS;BELO HORIZONTE;Andreza Gischewski Costa;Assessor Especial;Secretaria-Geral do Estado de Minas Gerais
Traslado do Exmo. Governador de Uberaba/MG para Belo Horizonte.;Romeu Zema Neto;Secretaria-Geral do Estado de Minas Gerais;PLANEJADA;01:12:00;PP-LCE - PEGASUS 43;0138-2025;DTA;05/09/2025;SECRETARIA-GERAL;UBERABA;BELO HORIZONTE;Andreza Gischewski Costa;Assessor Especial;Secretaria-Geral do Estado de Minas Gerais
Traslado do Exmo. Sr. Governador do Estado de Minas Gerais e comitiva para a cidade de Uberlândia/MG;Romeu Zema Neto;Secretaria-Geral do Estado de Minas Gerais;PLANEJADA;01:06:00;PP-LCE - PEGASUS 132;0153-2025;DTA;06/10/2025;SECRETARIA-GERAL  ;UBERLANDIA;BELO HORIZONTE;Andreza Gischewski Costa;Assessor Especial;Secretaria-Geral do Estado de Minas Gerais
Traslado do Exmo. Governador de Minas e comitiva para reuniao em Brasilia/DF.;Romeu Zema Neto;Secretaria-Geral do Estado de Minas Gerais;PLANEJADA;01:30:00;PP-LCE - PEGASUS 27;0135-2025;DTA;01/09/2025;SECRETARIA-GERAL;BELO HORIZONTE;BRASILIA;Andreza Gischewski Costa;Assessor Especial;Secretaria-Geral do Estado de Minas Gerais
Traslado do Exmo. Governador de Minas e comitiva atÃ© a cidade de ConceiÃ§Ã£o do Mato Dentro/ MG;Romeu Zema Neto;Secretaria-Geral do Estado de Minas Gerais;PLANEJADA;01:27:00;PR-DTG;0062-2025;DTA;03/07/2025;SECRETARIA-GERAL;BELO HORIZONTE;CONCEICAO DO MATO DENTRO;Andreza Gischewski Costa;Assessor Especial;Secretaria-Geral do Estado de Minas Gerais
Traslado do Exmo. Governador para evento em Governador Valadares/MG.;Romeu Zema Neto;Secretaria-Geral do Estado de Minas Gerais;PLANEJADA;01:18:00;PP-LCE - PEGASUS 66;0125-2025;DTA;08/08/2025;SECRETARIA-GERAL;BELO HORIZONTE;GOVERNADOR VALADARES;Andreza Gischewski Costa;Assessor Especial;Secretaria-Geral do Estado de Minas Gerais
Traslado do Exmo. Sr. Governador de Minas Gerais e comitiva para a cidade de Montes Claros/MG.;Romeu Zema Neto;Secretaria-Geral do Estado de Minas Gerais;PLANEJADA;00:54:00;PP-LCE - PEGASUS 102;0148-2025;DTA;02/10/2025;SECRETARIA-GERAL  ;BELO HORIZONTE;MONTES CLAROS;Andreza Gischewski Costa;Assessor Especial;Secretaria-Geral do Estado de Minas Gerais
Traslado do Exmo. Governador de Minas Gerais e comitiva para as cidades de TrÃªs CoraÃ§Ãµes, Varginha e PoÃ§os de Caldas/MG e SÃ£o JoÃ£o da Boa Vista/SP;Romeu Zema Neto;Secretaria-Geral do Estado de Minas Gerais;PLANEJADA;02:30:00;PP-EJO;0037-2025;EsAF;11/07/2025;SECRETARIA-GERAL;VARGINHA;POCOS DE CALDAS;Andreza Gischewski Costa;Assessor Especial;Secretaria-Geral do Estado de Minas Gerais
Traslado do Exmo. Governador para evento em Sete Lagoas/MG.;Romeu Zema Neto;Secretaria-Geral do Estado de Minas Gerais;PLANEJADA;00:36:00;PP-LCE - PEGASUS 86;0129-2025;DTA;15/08/2025;SECRETARIA-GERAL;BELO HORIZONTE;SETE LAGOAS;Andreza Gischewski Costa;Assessor Especial;Secretaria-Geral do Estado de Minas Gerais
Traslado do Exmo. Governador de Minas Gerais e comitiva para as cidades de TrÃªs CoraÃ§Ãµes, Varginha e PoÃ§os de Caldas/MG e SÃ£o JoÃ£o da Boa Vista/SP;Romeu Zema Neto;Secretaria-Geral do Estado de Minas Gerais;PLANEJADA;02:30:00;PP-EJO;0035-2025;EsAF;11/07/2025;SECRETARIA-GERAL;BELO HORIZONTE;TRES CORACOES;Andreza Gischewski Costa;Assessor Especial;Secretaria-Geral do Estado de Minas Gerais
Traslado do Exmo. Governador para evento em Uberaba/MG.;Romeu Zema Neto;Secretaria-Geral do Estado de Minas Gerais;PLANEJADA;01:12:00;PP-LCE - PEGASUS 38;0137-2025;DTA;05/09/2025;SECRETARIA-GERAL;BELO HORIZONTE;UBERABA;Andreza Gischewski Costa;Assessor Especial;Secretaria-Geral do Estado de Minas Gerais
Traslado do Exmo. Sr. Governador do Estado de Minas Gerais e comitiva para a cidade de Uberlândia/MG;Romeu Zema Neto;Secretaria-Geral do Estado de Minas Gerais;PLANEJADA;01:06:00;PP-LCE - PEGASUS 126;0152-2025;DTA;06/10/2025;SECRETARIA-GERAL  ;BELO HORIZONTE;UBERLANDIA;Andreza Gischewski Costa;Assessor Especial;Secretaria-Geral do Estado de Minas Gerais
Traslado do Exmo. Governador de Minas Gerais e comitiva para as cidades de São Paulo/SP, Campinas/SP e Araxá/MG.;Romeu Zema Neto;Secretaria-Geral do Estado de Minas Gerais;PLANEJADA;00:54:00;PP-LCE - PEGASUS 160;0161-2025;DTA;31/10/2025;SECRETARIA-GERAL  ;CAMPINAS;ARAXA;Rafael Neves de Andrade;Ajudante de Ordens do Governador;GABINETE MILITAR DO GOVERNADOR
Traslado do Exmo. Governador de Minas e comitiva de Brasilia/DF para Belo Horizonte.;Romeu Zema Neto;Secretaria-Geral do Estado de Minas Gerais;PLANEJADA;01:30:00;PP-LCE - PEGASUS 31;0136-2025;DTA;02/09/2025;SECRETARIA-GERAL;BRASILIA;BELO HORIZONTE;Rafael Neves de Andrade;Ajudante de Ordens do Governador;GABINETE MILITAR DO GOVERNADOR
Traslado do Exmo. Sr. Governador de Minas Gerais e comitiva para a cidade de BrasÃ­lia/DF;Romeu Zema Neto;Secretaria-Geral do Estado de Minas Gerais;PLANEJADA;03:18:00;PT-MGS;0024-2025;DTA;11/06/2025;SECRETARIA-GERAL;BRASILIA;BELO HORIZONTE;Rafael Neves de Andrade;Ajudante de Ordens do Governador;GABINETE MILITAR DO GOVERNADOR
Traslado do Exmo. Governador de Minas e Comitiva atÃ© a cidade de BrasÃ­lia/DF;Romeu Zema Neto;Secretaria-Geral do Estado de Minas Gerais;PLANEJADA;02:48:00;PT-MGS;0036-2025;DTA;14/07/2025;SECRETARIA-GERAL;BRASILIA;BELO HORIZONTE;Rafael Neves de Andrade;Ajudante de Ordens do Governador;GABINETE MILITAR DO GOVERNADOR
Traslado do Exmo. Governador de Curitiba/PR para Belo Horizonte.;Romeu Zema Neto;Secretaria-Geral do Estado de Minas Gerais;PLANEJADA;02:12:00;PP-LCE - PEGASUS 79;0128-2025;DTA;13/08/2025;SECRETARIA-GERAL;CURITIBA;BELO HORIZONTE;Rafael Neves de Andrade;Ajudante de Ordens do Governador;GABINETE MILITAR DO GOVERNADOR
Traslado do Exmo. Governador de Juiz de Fora/MG para Belo Horizonte.;Romeu Zema Neto;Secretaria-Geral do Estado de Minas Gerais;PLANEJADA;00:48:00;PP-LCE - PEGASUS 51;0140-2025;DTA;08/09/2025;SECRETARIA-GERAL;JUIZ DE FORA;BELO HORIZONTE;Rafael Neves de Andrade;Ajudante de Ordens do Governador;GABINETE MILITAR DO GOVERNADOR
Traslado do Exmo. Sr. Governador de Minas Gerais e comitiva para a cidade de Montes Claros/MG.;Romeu Zema Neto;Secretaria-Geral do Estado de Minas Gerais;PLANEJADA;01:00:00;PP-LCE - PEGASUS 109;0149-2025;DTA;02/10/2025;SECRETARIA-GERAL  ;MONTES CLAROS;BELO HORIZONTE;Rafael Neves de Andrade;Ajudante de Ordens do Governador;GABINETE MILITAR DO GOVERNADOR
Traslado do Exmo. Governador de Rio de Janeiro/RJ para Belo Horizonte.;Romeu Zema Neto;Secretaria-Geral do Estado de Minas Gerais;PLANEJADA;01:24:00;PP-LCE - PEGASUS 60;0124-2025;DTA;06/08/2025;SECRETARIA-GERAL;RIO DE JANEIRO;BELO HORIZONTE;Rafael Neves de Andrade;Ajudante de Ordens do Governador;GABINETE MILITAR DO GOVERNADOR
Traslado do Exmo. Sr. Governador do Estado de Minas Gerais e comitiva para as cidades de Montes Claros/MG e SÃ£o Paulo/SP;Romeu Zema Neto;Secretaria-Geral do Estado de Minas Gerais;PLANEJADA;03:24:00;PT-MGS;0018-2025;DTA;03/06/2025;SECRETARIA-GERAL;SAO PAULO;BELO HORIZONTE;Rafael Neves de Andrade;Ajudante de Ordens do Governador;GABINETE MILITAR DO GOVERNADOR
Traslado do Exmo. Sr. Governador do Estado de Minas Gerais e comitiva com destino a SÃ£o Paulo/SP (Congonhas);Romeu Zema Neto;Secretaria-Geral do Estado de Minas Gerais;PLANEJADA;02:30:00;PT-MGS;0022-2025;DTA;06/06/2025;SECRETARIA-GERAL;SAO PAULO;BELO HORIZONTE;Rafael Neves de Andrade;Ajudante de Ordens do Governador;GABINETE MILITAR DO GOVERNADOR
Traslado do Exmo. Governador de Minas e comitiva até a cidade de São Paulo/SP.;Romeu Zema Neto;Secretaria-Geral do Estado de Minas Gerais;PLANEJADA;01:18:00;PP-LCE - PEGASUS 95;0147-2025;DTA;01/10/2025;SECRETARIA-GERAL  ;SAO PAULO;BELO HORIZONTE;Rafael Neves de Andrade;Ajudante de Ordens do Governador;GABINETE MILITAR DO GOVERNADOR
Traslado do Exmo. Governador de Minas e comitiva para reuniao em Brasilia/DF.;Romeu Zema Neto;Secretaria-Geral do Estado de Minas Gerais;PLANEJADA;01:30:00;PP-LCE - PEGASUS 25;0135-2025;DTA;01/09/2025;SECRETARIA-GERAL;BELO HORIZONTE;BRASILIA;Rafael Neves de Andrade;Ajudante de Ordens do Governador;GABINETE MILITAR DO GOVERNADOR
Traslado do Exmo. Sr. Governador de Minas Gerais e comitiva para a cidade de BrasÃ­lia/DF;Romeu Zema Neto;Secretaria-Geral do Estado de Minas Gerais;PLANEJADA;03:18:00;PT-MGS;0023-2025;DTA;11/06/2025;SECRETARIA-GERAL;BELO HORIZONTE;BRASILIA;Rafael Neves de Andrade;Ajudante de Ordens do Governador;GABINETE MILITAR DO GOVERNADOR
Traslado do Exmo. Governador de Minas e Comitiva atÃ© a cidade de BrasÃ­lia/DF;Romeu Zema Neto;Secretaria-Geral do Estado de Minas Gerais;PLANEJADA;02:48:00;PT-MGS;0035-2025;DTA;14/07/2025;SECRETARIA-GERAL;BELO HORIZONTE;BRASILIA;Rafael Neves de Andrade;Ajudante de Ordens do Governador;GABINETE MILITAR DO GOVERNADOR
Traslado do Exmo. Governador de Minas Gerais e comitiva para as cidades de São Paulo/SP, Campinas/SP e Araxá/MG.;Romeu Zema Neto;Secretaria-Geral do Estado de Minas Gerais;PLANEJADA;01:18:00;PP-LCE - PEGASUS 154;0158-2025;DTA;30/10/2025;SECRETARIA-GERAL  ;RIO DE JANEIRO;CAMPINAS;Rafael Neves de Andrade;Ajudante de Ordens do Governador;GABINETE MILITAR DO GOVERNADOR
Traslado do Exmo. Governador para reuniao em Curitiba/PR.;Romeu Zema Neto;Secretaria-Geral do Estado de Minas Gerais;PLANEJADA;02:12:00;PP-LCE - PEGASUS 73;0127-2025;DTA;12/08/2025;SECRETARIA-GERAL;BELO HORIZONTE;CURITIBA;Rafael Neves de Andrade;Ajudante de Ordens do Governador;GABINETE MILITAR DO GOVERNADOR
Traslado do Exmo. Governador para reuniao em Juiz de Fora/MG.;Romeu Zema Neto;Secretaria-Geral do Estado de Minas Gerais;PLANEJADA;00:48:00;PP-LCE - PEGASUS 47;0139-2025;DTA;08/09/2025;SECRETARIA-GERAL;BELO HORIZONTE;JUIZ DE FORA;Rafael Neves de Andrade;Ajudante de Ordens do Governador;GABINETE MILITAR DO GOVERNADOR
Traslado do Exmo. Sr. Governador do Estado de Minas Gerais e comitiva para as cidades de Montes Claros/MG e SÃ£o Paulo/SP;Romeu Zema Neto;Secretaria-Geral do Estado de Minas Gerais;PLANEJADA;03:24:00;PT-MGS;0016-2025;DTA;02/06/2025;SECRETARIA-GERAL;BELO HORIZONTE;MONTES CLAROS;Rafael Neves de Andrade;Ajudante de Ordens do Governador;GABINETE MILITAR DO GOVERNADOR
Traslado do Exmo. Sr. Governador de Minas Gerais e comitiva para a cidade de Montes Claros/MG.;Romeu Zema Neto;Secretaria-Geral do Estado de Minas Gerais;PLANEJADA;00:54:00;PP-LCE - PEGASUS 104;0148-2025;DTA;02/10/2025;SECRETARIA-GERAL  ;BELO HORIZONTE;MONTES CLAROS;Rafael Neves de Andrade;Ajudante de Ordens do Governador;GABINETE MILITAR DO GOVERNADOR
Traslado do Exmo. Governador para reuniao em Rio de Janeiro/RJ.;Romeu Zema Neto;Secretaria-Geral do Estado de Minas Gerais;PLANEJADA;01:24:00;PP-LCE - PEGASUS 55;0123-2025;DTA;05/08/2025;SECRETARIA-GERAL;BELO HORIZONTE;RIO DE JANEIRO;Rafael Neves de Andrade;Ajudante de Ordens do Governador;GABINETE MILITAR DO GOVERNADOR
Traslado do Exmo. Governador de Minas Gerais e comitiva para as cidades de São Paulo/SP, Campinas/SP e Araxá/MG.;Romeu Zema Neto;Secretaria-Geral do Estado de Minas Gerais;PLANEJADA;01:00:00;PP-LCE - PEGASUS 148;0157-2025;DTA;30/10/2025;SECRETARIA-GERAL  ;SAO PAULO;RIO DE JANEIRO;Rafael Neves de Andrade;Ajudante de Ordens do Governador;GABINETE MILITAR DO GOVERNADOR
Traslado do Exmo. Sr. Governador do Estado de Minas Gerais e comitiva com destino a SÃ£o Paulo/SP (Congonhas);Romeu Zema Neto;Secretaria-Geral do Estado de Minas Gerais;PLANEJADA;02:30:00;PT-MGS;0020-2025;DTA;05/06/2025;SECRETARIA-GERAL;BELO HORIZONTE;SAO PAULO;Rafael Neves de Andrade;Ajudante de Ordens do Governador;GABINETE MILITAR DO GOVERNADOR
Traslado do Exmo. Governador de Minas e comitiva atÃ© a cidade de SÃ£o Paulo/SP(Congonhas);Romeu Zema Neto;Secretaria-Geral do Estado de Minas Gerais;PLANEJADA;01:18:00;PT-MGS;0025-2025;DTA;12/06/2025;SECRETARIA-GERAL;BELO HORIZONTE;SAO PAULO;Rafael Neves de Andrade;Ajudante de Ordens do Governador;GABINETE MILITAR DO GOVERNADOR
Traslado do Exmo. Governador de Minas Gerais e comitiva para as cidades de São Paulo/SP, Campinas/SP e Araxá/MG.;Romeu Zema Neto;Secretaria-Geral do Estado de Minas Gerais;PLANEJADA;01:30:00;PP-LCE - PEGASUS 142;0156-2025;DTA;29/10/2025;SECRETARIA-GERAL  ;BELO HORIZONTE;SAO PAULO;Rafael Neves de Andrade;Ajudante de Ordens do Governador;GABINETE MILITAR DO GOVERNADOR
Traslado do Exmo. Sr. Governador do Estado de Minas Gerais e comitiva para as cidades de Montes Claros/MG e SÃ£o Paulo/SP;Romeu Zema Neto;Secretaria-Geral do Estado de Minas Gerais;PLANEJADA;03:24:00;PT-MGS;0017-2025;DTA;02/06/2025;SECRETARIA-GERAL;MONTES CLAROS;SAO PAULO;Rafael Neves de Andrade;Ajudante de Ordens do Governador;GABINETE MILITAR DO GOVERNADOR
Traslado do Exmo. Sr. Governador do Estado de Minas Gerais e comitiva para as cidades de Montes Claros/MG e SÃ£o Paulo/SP;Romeu Zema Neto;Secretaria-Geral do Estado de Minas Gerais;PLANEJADA;03:24:00;PT-MGS;0016-2025;DTA;02/06/2025;SECRETARIA-GERAL;BELO HORIZONTE;MONTES CLAROS;Paulo Roberto Bermudes Rezende;Chefe;GABINETE MILITAR DO GOVERNADOR
Traslado do Exmo. Governador de Minas e comitiva atÃ© a cidade de ConceiÃ§Ã£o do Mato Dentro/ MG;Romeu Zema Neto;Secretaria-Geral do Estado de Minas Gerais;PLANEJADA;01:27:00;PR-DTG;0064-2025;DTA;03/07/2025;SECRETARIA-GERAL;SERRO;BELO HORIZONTE;Ana Cristina Sanches Noronha;CEO Anglo American Mineiro de Ferro e Ação de Brasil S/A;Anglo American Mineiro de Ferro e Ação de Ferro Brasil S/A
Traslado do Exmo. Governador de Minas e Comitiva até a cidade de Porto Alegre/RS;Romeu Zema Neto;Secretaria-Geral do Estado de Minas Gerais;PLANEJADA;02:36:00;PP-LCE - PEGASUS 123;0151-2025;DTA;04/10/2025;SECRETARIA-GERAL  ;PORTO ALEGRE;BELO HORIZONTE;Glauber Pereira Cunha;Cerimonial;Secretaria-Geral do Estado de Minas Gerais
Traslado do Exmo. Sr. Governador do Estado de Minas Gerais e comitiva para as cidades de Montes Claros/MG e SÃ£o Paulo/SP;Romeu Zema Neto;Secretaria-Geral do Estado de Minas Gerais;PLANEJADA;03:24:00;PT-MGS;0018-2025;DTA;03/06/2025;SECRETARIA-GERAL;SAO PAULO;BELO HORIZONTE;Mariana dos Reis Siqueira;Cerimonial;Secretaria-Geral do Estado de Minas Gerais
Traslado do Exmo. Sr. Governador do Estado de Minas Gerais e comitiva para as cidades de Montes Claros/MG e SÃ£o Paulo/SP;Romeu Zema Neto;Secretaria-Geral do Estado de Minas Gerais;PLANEJADA;03:24:00;PT-MGS;0017-2025;DTA;02/06/2025;SECRETARIA-GERAL;MONTES CLAROS;SAO PAULO;Pedro Henrique Paolinelli Alvarenga;Cerimonial;Secretaria-Geral do Estado de Minas Gerais
Traslado do Exmo. Sr. Governador do Estado de Minas Gerais e comitiva com destino a SÃ£o Paulo/SP (Congonhas);Romeu Zema Neto;Secretaria-Geral do Estado de Minas Gerais;PLANEJADA;02:30:00;PT-MGS;0020-2025;DTA;05/06/2025;SECRETARIA-GERAL;BELO HORIZONTE;SAO PAULO;Carolina Rocha Vespúcio;Chefe de Gabinete;Secretaria de Estado de Infraestrutura e Mobilidade
Traslado do Exmo. Sr. Governador de Minas Gerais e comitiva para a cidade de BrasÃ­lia/DF;Romeu Zema Neto;Secretaria-Geral do Estado de Minas Gerais;PLANEJADA;03:18:00;PT-MGS;0024-2025;DTA;11/06/2025;SECRETARIA-GERAL;BRASILIA;BELO HORIZONTE;Raquel Gomes de Sousa da Costa Dias;Defensora Pública;Defensoria Pública do Estado de Minas Gerais
Traslado do Exmo. Sr. Governador de Minas Gerais e comitiva para a cidade de BrasÃ­lia/DF;Romeu Zema Neto;Secretaria-Geral do Estado de Minas Gerais;PLANEJADA;03:18:00;PT-MGS;0023-2025;DTA;11/06/2025;SECRETARIA-GERAL;BELO HORIZONTE;BRASILIA;Raquel Gomes de Sousa da Costa Dias;Defensora Pública;Defensoria Pública do Estado de Minas Gerais
Traslado do Exmo. Governador de Minas Gerais e comitiva para as cidades de TrÃªs CoraÃ§Ãµes, Varginha e PoÃ§os de Caldas/MG e SÃ£o JoÃ£o da Boa Vista/SP;Romeu Zema Neto;Secretaria-Geral do Estado de Minas Gerais;PLANEJADA;02:30:00;PP-EJO;0039-2025;EsAF;11/07/2025;SECRETARIA-GERAL;SAO JOAO DA BOA VISTA;BELO HORIZONTE;Greyce de Queiroz Elias;Deputado Estadual;Assembleia Legislativa do Estado de Minas Gerais
Traslado do Exmo. Governador de Minas Gerais e comitiva para as cidades de TrÃªs CoraÃ§Ãµes, Varginha e PoÃ§os de Caldas/MG e SÃ£o JoÃ£o da Boa Vista/SP;Romeu Zema Neto;Secretaria-Geral do Estado de Minas Gerais;PLANEJADA;02:30:00;PP-EJO;0037-2025;EsAF;11/07/2025;SECRETARIA-GERAL;VARGINHA;POCOS DE CALDAS;Greyce de Queiroz Elias;Deputado Estadual;Assembleia Legislativa do Estado de Minas Gerais
Traslado do Exmo. Governador de Minas Gerais e comitiva para as cidades de TrÃªs CoraÃ§Ãµes, Varginha e PoÃ§os de Caldas/MG e SÃ£o JoÃ£o da Boa Vista/SP;Romeu Zema Neto;Secretaria-Geral do Estado de Minas Gerais;PLANEJADA;02:30:00;PP-EJO;0035-2025;EsAF;11/07/2025;SECRETARIA-GERAL;BELO HORIZONTE;TRES CORACOES;Greyce de Queiroz Elias;Deputado Estadual;Assembleia Legislativa do Estado de Minas Gerais
Traslado do Exmo. Governador de Minas Gerais e comitiva para as cidades de TrÃªs CoraÃ§Ãµes, Varginha e PoÃ§os de Caldas/MG e SÃ£o JoÃ£o da Boa Vista/SP;Romeu Zema Neto;Secretaria-Geral do Estado de Minas Gerais;PLANEJADA;02:30:00;PP-EJO;0037-2025;EsAF;11/07/2025;SECRETARIA-GERAL;VARGINHA;POCOS DE CALDAS;Rodrigo Aparecido Lopes;Deputado Estadual;Assembleia Legislativa do Estado de Minas Gerais
Traslado do Exmo. Governador de Minas Gerais e comitiva para as cidades de TrÃªs CoraÃ§Ãµes, Varginha e PoÃ§os de Caldas/MG e SÃ£o JoÃ£o da Boa Vista/SP;Romeu Zema Neto;Secretaria-Geral do Estado de Minas Gerais;PLANEJADA;02:30:00;PP-EJO;0035-2025;EsAF;11/07/2025;SECRETARIA-GERAL;BELO HORIZONTE;TRES CORACOES;Rodrigo Aparecido Lopes;Deputado Estadual;Assembleia Legislativa do Estado de Minas Gerais
Traslado do Exmo. Governador de Minas Gerais e comitiva para as cidades de TrÃªs CoraÃ§Ãµes, Varginha e PoÃ§os de Caldas/MG e SÃ£o JoÃ£o da Boa Vista/SP;Romeu Zema Neto;Secretaria-Geral do Estado de Minas Gerais;PLANEJADA;02:30:00;PP-EJO;0035-2025;EsAF;11/07/2025;SECRETARIA-GERAL;BELO HORIZONTE;TRES CORACOES;Marcelo Henrique Teixeira Dias (Marcelo Alvaro AntÃ´nio);Deputado Estadual;Assembleia Legislativa do Estado de Minas Gerais
Traslado do Exmo. Governador de Minas Gerais e comitiva para a cidade de Mariana/MG;Romeu Zema Neto;Secretaria-Geral do Estado de Minas Gerais;PLANEJADA;01:05:00;PR-DTG;0072-2025;DTA;16/07/2025;SECRETARIA-GERAL;MARIANA;BELO HORIZONTE;Vicente de Oliveira Silva;Desembargador;Tribunal de Justiça do Estado de Minas Gerais
Traslado do Exmo. Governador de Minas Gerais e comitiva para a cidade de Mariana/MG;Romeu Zema Neto;Secretaria-Geral do Estado de Minas Gerais;PLANEJADA;01:05:00;PR-DTG;0071-2025;DTA;16/07/2025;SECRETARIA-GERAL;BELO HORIZONTE;MARIANA;Vicente de Oliveira Silva;Desembargador;Tribunal de Justiça do Estado de Minas Gerais
Traslado do Exmo. Governador de Minas Gerais e comitiva para a cidade de Mariana/MG;Romeu Zema Neto;Secretaria-Geral do Estado de Minas Gerais;PLANEJADA;01:05:00;PR-DTG;0072-2025;DTA;16/07/2025;SECRETARIA-GERAL;MARIANA;BELO HORIZONTE;Luiz Carlos de Azevedo CorrÃªa Junior;Desembargador/ Presidente do TJMG;Tribunal de Justiça do Estado de Minas Gerais
Traslado do Exmo. Governador de Minas Gerais e comitiva para a cidade de Mariana/MG;Romeu Zema Neto;Secretaria-Geral do Estado de Minas Gerais;PLANEJADA;01:05:00;PR-DTG;0071-2025;DTA;16/07/2025;SECRETARIA-GERAL;BELO HORIZONTE;MARIANA;Luiz Carlos de Azevedo CorrÃªa Junior;Desembargador/ Presidente do TJMG;Tribunal de Justiça do Estado de Minas Gerais
Traslado do Exmo. Sr. Governador do Estado de Minas Gerais e comitiva para as cidades de Montes Claros/MG e SÃ£o Paulo/SP;Romeu Zema Neto;Secretaria-Geral do Estado de Minas Gerais;PLANEJADA;03:24:00;PT-MGS;0016-2025;DTA;02/06/2025;SECRETARIA-GERAL;BELO HORIZONTE;MONTES CLAROS;Luiz Carlos de Azevedo CorrÃªa Junior;Desembargador/ Presidente do TJMG;Tribunal de Justiça do Estado de Minas Gerais
Traslado do Exmo. Governador de Minas Gerais e Comitiva de São Paulo/SP (Guarulhos) para Belo Horizonte.;Romeu Zema Neto;Secretaria-Geral do Estado de Minas Gerais;PLANEJADA;01:06:00;PP-LCE - PEGASUS 140;0155-2025;DTA;25/10/2025;SECRETARIA-GERAL  ;SAO PAULO;BELO HORIZONTE;Rodrigo Santos De Araújo;Diretor de Produção de Conteúdo;Secretaria-Geral do Estado de Minas Gerais
Traslado do Exmo. Governador de Minas e comitiva atÃ© a cidade de ConceiÃ§Ã£o do Mato Dentro/ MG;Romeu Zema Neto;Secretaria-Geral do Estado de Minas Gerais;PLANEJADA;01:27:00;PR-DTG;0064-2025;DTA;03/07/2025;SECRETARIA-GERAL;SERRO;BELO HORIZONTE;Rodrigo Rodrigues Tavares;Diretor Geral ;Departamento de Edificações e Estradas de Rodagem
Traslado do Exmo. Sr. Governador de Minas Gerais e comitiva para a cidade de Montes Claros/MG.;Romeu Zema Neto;Secretaria-Geral do Estado de Minas Gerais;PLANEJADA;01:00:00;PP-LCE - PEGASUS 110;0149-2025;DTA;02/10/2025;SECRETARIA-GERAL  ;MONTES CLAROS;BELO HORIZONTE;Rodrigo Rodrigues Tavares;Diretor Geral ;Instituto de Desenvolvimento Integrado de Minas Gerais
Traslado do Exmo. Sr. Governador de Minas Gerais e comitiva para a cidade de Montes Claros/MG.;Romeu Zema Neto;Secretaria-Geral do Estado de Minas Gerais;PLANEJADA;00:54:00;PP-LCE - PEGASUS 105;0148-2025;DTA;02/10/2025;SECRETARIA-GERAL  ;BELO HORIZONTE;MONTES CLAROS;Rodrigo Rodrigues Tavares;Diretor Geral ;Instituto de Desenvolvimento Integrado de Minas Gerais
Traslado do Exmo. Sr. Governador do Estado de Minas Gerais e comitiva com destino a SÃ£o Paulo/SP (Congonhas);Romeu Zema Neto;Secretaria-Geral do Estado de Minas Gerais;PLANEJADA;02:30:00;PT-MGS;0020-2025;DTA;05/06/2025;SECRETARIA-GERAL;BELO HORIZONTE;SAO PAULO;JoÃ£o Paulo Braga Santos;Diretor Geral ;Instituto de Desenvolvimento Integrado de Minas Gerais
Traslado do Exmo. Sr. Governador do Estado de Minas Gerais e comitiva para a cidade de Uberlândia/MG;Romeu Zema Neto;Secretaria-Geral do Estado de Minas Gerais;PLANEJADA;01:06:00;PP-LCE - PEGASUS 135;0153-2025;DTA;06/10/2025;SECRETARIA-GERAL  ;UBERLANDIA;BELO HORIZONTE;Luciano Correia Gonçalves;Diretor Geral ;Empresa Mineira de Comunicação
Traslado do Exmo. Governador de Minas e Comitiva atÃ© a cidade de BrasÃ­lia/DF;Romeu Zema Neto;Secretaria-Geral do Estado de Minas Gerais;PLANEJADA;02:48:00;PT-MGS;0036-2025;DTA;14/07/2025;SECRETARIA-GERAL;BRASILIA;BELO HORIZONTE;Aline Gonçalves Pinheiro;Diretora de Relacionamento com a Imprensa;Secretaria-Geral do Estado de Minas Gerais
Traslado do Exmo. Sr. Governador do Estado de Minas Gerais e comitiva para as cidades de Montes Claros/MG e SÃ£o Paulo/SP;Romeu Zema Neto;Secretaria-Geral do Estado de Minas Gerais;PLANEJADA;03:24:00;PT-MGS;0018-2025;DTA;03/06/2025;SECRETARIA-GERAL;SAO PAULO;BELO HORIZONTE;Aline Gonçalves Pinheiro;Diretora de Relacionamento com a Imprensa;Secretaria-Geral do Estado de Minas Gerais
Traslado do Exmo. Governador de Minas e Comitiva atÃ© a cidade de BrasÃ­lia/DF;Romeu Zema Neto;Secretaria-Geral do Estado de Minas Gerais;PLANEJADA;02:48:00;PT-MGS;0035-2025;DTA;14/07/2025;SECRETARIA-GERAL;BELO HORIZONTE;BRASILIA;Aline Gonçalves Pinheiro;Diretora de Relacionamento com a Imprensa;Secretaria-Geral do Estado de Minas Gerais
Traslado do Exmo. Sr. Governador do Estado de Minas Gerais e comitiva para as cidades de Montes Claros/MG e SÃ£o Paulo/SP;Romeu Zema Neto;Secretaria-Geral do Estado de Minas Gerais;PLANEJADA;03:24:00;PT-MGS;0016-2025;DTA;02/06/2025;SECRETARIA-GERAL;BELO HORIZONTE;MONTES CLAROS;Aline Gonçalves Pinheiro;Diretora de Relacionamento com a Imprensa;Secretaria-Geral do Estado de Minas Gerais
Traslado do Exmo. Sr. Governador do Estado de Minas Gerais e comitiva para as cidades de Montes Claros/MG e SÃ£o Paulo/SP;Romeu Zema Neto;Secretaria-Geral do Estado de Minas Gerais;PLANEJADA;03:24:00;PT-MGS;0017-2025;DTA;02/06/2025;SECRETARIA-GERAL;MONTES CLAROS;SAO PAULO;Aline Gonçalves Pinheiro;Diretora de Relacionamento com a Imprensa;Secretaria-Geral do Estado de Minas Gerais
Traslado do Exmo. Governador de Minas e comitiva de Brasilia/DF para Belo Horizonte.;Romeu Zema Neto;Secretaria-Geral do Estado de Minas Gerais;PLANEJADA;01:30:00;PP-LCE - PEGASUS 35;0136-2025;DTA;02/09/2025;SECRETARIA-GERAL;BRASILIA;BELO HORIZONTE;Aline Gonçalves Pinheiro;Diretora de Relacionamento com a Imprensa;Secretaria-Geral do Estado de Minas Gerais
Traslado do Exmo. Governador de Rio de Janeiro/RJ para Belo Horizonte.;Romeu Zema Neto;Secretaria-Geral do Estado de Minas Gerais;PLANEJADA;01:24:00;PP-LCE - PEGASUS 63;0124-2025;DTA;06/08/2025;SECRETARIA-GERAL;RIO DE JANEIRO;BELO HORIZONTE;Aline Gonçalves Pinheiro;Diretora de Relacionamento com a Imprensa;Secretaria-Geral do Estado de Minas Gerais
Traslado do Exmo. Governador de Minas e comitiva para reuniao em Brasilia/DF.;Romeu Zema Neto;Secretaria-Geral do Estado de Minas Gerais;PLANEJADA;01:30:00;PP-LCE - PEGASUS 29;0135-2025;DTA;01/09/2025;SECRETARIA-GERAL;BELO HORIZONTE;BRASILIA;Aline Gonçalves Pinheiro;Diretora de Relacionamento com a Imprensa;Secretaria-Geral do Estado de Minas Gerais
Traslado do Exmo. Governador para reuniao em Rio de Janeiro/RJ.;Romeu Zema Neto;Secretaria-Geral do Estado de Minas Gerais;PLANEJADA;01:24:00;PP-LCE - PEGASUS 58;0123-2025;DTA;05/08/2025;SECRETARIA-GERAL;BELO HORIZONTE;RIO DE JANEIRO;Aline Gonçalves Pinheiro;Diretora de Relacionamento com a Imprensa;Secretaria-Geral do Estado de Minas Gerais
Traslado do Exmo. Governador de Minas e comitiva até a cidade de São Paulo/SP.;Romeu Zema Neto;Secretaria-Geral do Estado de Minas Gerais;PLANEJADA;01:18:00;PP-LCE - PEGASUS 98;0147-2025;DTA;01/10/2025;SECRETARIA-GERAL  ;SAO PAULO;BELO HORIZONTE;Aline Gonçalves Pinheiro;Diretora de Relacionamento com a Imprensa;Secretaria-Geral do Estado de Minas Gerais
Traslado do Exmo. Governador de Minas Gerais e comitiva para as cidades de TrÃªs CoraÃ§Ãµes, Varginha e PoÃ§os de Caldas/MG e SÃ£o JoÃ£o da Boa Vista/SP;Romeu Zema Neto;Secretaria-Geral do Estado de Minas Gerais;PLANEJADA;02:30:00;PP-EJO;0037-2025;EsAF;11/07/2025;SECRETARIA-GERAL;VARGINHA;POCOS DE CALDAS;Diane Aparecida Martins de Freitas;Diretoria Central de Cerimonial;Secretaria-Geral do Estado de Minas Gerais
Traslado do Exmo. Governador de Minas e comitiva até a cidade de São Paulo/SP.;Romeu Zema Neto;Secretaria-Geral do Estado de Minas Gerais;PLANEJADA;01:18:00;PP-LCE - PEGASUS 99;0147-2025;DTA;01/10/2025;SECRETARIA-GERAL  ;SAO PAULO;BELO HORIZONTE;Dirceu Aurélio Pereira;Fotógrafo;Secretaria-Geral do Estado de Minas Gerais
Traslado do Exmo. Governador de Minas Gerais e comitiva para as cidades de São Paulo/SP, Campinas/SP e Araxá/MG.;Romeu Zema Neto;Secretaria-Geral do Estado de Minas Gerais;PLANEJADA;00:54:00;PP-LCE - PEGASUS 159;0161-2025;DTA;31/10/2025;SECRETARIA-GERAL  ;CAMPINAS;ARAXA;Romeu Zema Neto;Governador de Minas Gerais;Secretaria-Geral do Estado de Minas Gerais
Traslado do Exmo. Governador de Minas e comitiva de Brasilia/DF para Belo Horizonte.;Romeu Zema Neto;Secretaria-Geral do Estado de Minas Gerais;PLANEJADA;01:30:00;PP-LCE - PEGASUS 30;0136-2025;DTA;02/09/2025;SECRETARIA-GERAL;BRASILIA;BELO HORIZONTE;Romeu Zema Neto;Governador de Minas Gerais;Secretaria-Geral do Estado de Minas Gerais
Traslado do Exmo. Sr. Governador de Minas Gerais e comitiva para a cidade de BrasÃ­lia/DF;Romeu Zema Neto;Secretaria-Geral do Estado de Minas Gerais;PLANEJADA;03:18:00;PT-MGS;0024-2025;DTA;11/06/2025;SECRETARIA-GERAL;BRASILIA;BELO HORIZONTE;Romeu Zema Neto;Governador de Minas Gerais;Secretaria-Geral do Estado de Minas Gerais
Traslado do Exmo. Governador de Minas e Comitiva atÃ© a cidade de BrasÃ­lia/DF;Romeu Zema Neto;Secretaria-Geral do Estado de Minas Gerais;PLANEJADA;02:48:00;PT-MGS;0036-2025;DTA;14/07/2025;SECRETARIA-GERAL;BRASILIA;BELO HORIZONTE;Romeu Zema Neto;Governador de Minas Gerais;Secretaria-Geral do Estado de Minas Gerais
Traslado do Exmo. Governador de Minas e comitiva atÃ© a cidade de Campinas/SP;Romeu Zema Neto;Secretaria-Geral do Estado de Minas Gerais;PLANEJADA;02:12:00;PT-MGS;0032-2025;DTA;04/07/2025;SECRETARIA-GERAL;CAMPINAS;BELO HORIZONTE;Romeu Zema Neto;Governador de Minas Gerais;Secretaria-Geral do Estado de Minas Gerais
Traslado do Exmo. Governador de Curitiba/PR para Belo Horizonte.;Romeu Zema Neto;Secretaria-Geral do Estado de Minas Gerais;PLANEJADA;02:12:00;PP-LCE - PEGASUS 78;0128-2025;DTA;13/08/2025;SECRETARIA-GERAL;CURITIBA;BELO HORIZONTE;Romeu Zema Neto;Governador de Minas Gerais;Secretaria-Geral do Estado de Minas Gerais
Traslado do Exmo. Governador de Governador Valadares/MG para Belo Horizonte.;Romeu Zema Neto;Secretaria-Geral do Estado de Minas Gerais;PLANEJADA;01:18:00;PP-LCE - PEGASUS 68;0126-2025;DTA;08/08/2025;SECRETARIA-GERAL;GOVERNADOR VALADARES;BELO HORIZONTE;Romeu Zema Neto;Governador de Minas Gerais;Secretaria-Geral do Estado de Minas Gerais
Traslado do Exmo. Governador de Juiz de Fora/MG para Belo Horizonte.;Romeu Zema Neto;Secretaria-Geral do Estado de Minas Gerais;PLANEJADA;00:48:00;PP-LCE - PEGASUS 50;0140-2025;DTA;08/09/2025;SECRETARIA-GERAL;JUIZ DE FORA;BELO HORIZONTE;Romeu Zema Neto;Governador de Minas Gerais;Secretaria-Geral do Estado de Minas Gerais
Traslado do Exmo. Governador de Minas Gerais e comitiva para a cidade de Mariana/MG;Romeu Zema Neto;Secretaria-Geral do Estado de Minas Gerais;PLANEJADA;01:05:00;PR-DTG;0072-2025;DTA;16/07/2025;SECRETARIA-GERAL;MARIANA;BELO HORIZONTE;Romeu Zema Neto;Governador de Minas Gerais;Secretaria-Geral do Estado de Minas Gerais
Traslado do Exmo. Sr. Governador de Minas Gerais e comitiva para a cidade de Montes Claros/MG.;Romeu Zema Neto;Secretaria-Geral do Estado de Minas Gerais;PLANEJADA;01:00:00;PP-LCE - PEGASUS 106;0149-2025;DTA;02/10/2025;SECRETARIA-GERAL  ;MONTES CLAROS;BELO HORIZONTE;Romeu Zema Neto;Governador de Minas Gerais;Secretaria-Geral do Estado de Minas Gerais
Traslado do Exmo. Governador de Minas e Comitiva até a cidade de Porto Alegre/RS;Romeu Zema Neto;Secretaria-Geral do Estado de Minas Gerais;PLANEJADA;02:36:00;PP-LCE - PEGASUS 117;0151-2025;DTA;04/10/2025;SECRETARIA-GERAL  ;PORTO ALEGRE;BELO HORIZONTE;Romeu Zema Neto;Governador de Minas Gerais;Secretaria-Geral do Estado de Minas Gerais
Traslado do Exmo. Governador de Rio de Janeiro/RJ para Belo Horizonte.;Romeu Zema Neto;Secretaria-Geral do Estado de Minas Gerais;PLANEJADA;01:24:00;PP-LCE - PEGASUS 59;0124-2025;DTA;06/08/2025;SECRETARIA-GERAL;RIO DE JANEIRO;BELO HORIZONTE;Romeu Zema Neto;Governador de Minas Gerais;Secretaria-Geral do Estado de Minas Gerais
Traslado do Exmo. Governador de Minas Gerais e comitiva para as cidades de TrÃªs CoraÃ§Ãµes, Varginha e PoÃ§os de Caldas/MG e SÃ£o JoÃ£o da Boa Vista/SP;Romeu Zema Neto;Secretaria-Geral do Estado de Minas Gerais;PLANEJADA;02:30:00;PP-EJO;0039-2025;EsAF;11/07/2025;SECRETARIA-GERAL;SAO JOAO DA BOA VISTA;BELO HORIZONTE;Romeu Zema Neto;Governador de Minas Gerais;Secretaria-Geral do Estado de Minas Gerais
Traslado do Exmo. Sr. Governador do Estado de Minas Gerais e comitiva para as cidades de Montes Claros/MG e SÃ£o Paulo/SP;Romeu Zema Neto;Secretaria-Geral do Estado de Minas Gerais;PLANEJADA;03:24:00;PT-MGS;0018-2025;DTA;03/06/2025;SECRETARIA-GERAL;SAO PAULO;BELO HORIZONTE;Romeu Zema Neto;Governador de Minas Gerais;Secretaria-Geral do Estado de Minas Gerais
Traslado do Exmo. Sr. Governador do Estado de Minas Gerais e comitiva com destino a SÃ£o Paulo/SP (Congonhas);Romeu Zema Neto;Secretaria-Geral do Estado de Minas Gerais;PLANEJADA;02:30:00;PT-MGS;0022-2025;DTA;06/06/2025;SECRETARIA-GERAL;SAO PAULO;BELO HORIZONTE;Romeu Zema Neto;Governador de Minas Gerais;Secretaria-Geral do Estado de Minas Gerais
Traslado do Exmo. Governador de Minas e comitiva até a cidade de São Paulo/SP.;Romeu Zema Neto;Secretaria-Geral do Estado de Minas Gerais;PLANEJADA;01:18:00;PP-LCE - PEGASUS 94;0147-2025;DTA;01/10/2025;SECRETARIA-GERAL  ;SAO PAULO;BELO HORIZONTE;Romeu Zema Neto;Governador de Minas Gerais;Secretaria-Geral do Estado de Minas Gerais
Traslado do Exmo. Governador de Minas Gerais e Comitiva de São Paulo/SP (Guarulhos) para Belo Horizonte.;Romeu Zema Neto;Secretaria-Geral do Estado de Minas Gerais;PLANEJADA;01:06:00;PP-LCE - PEGASUS 136;0155-2025;DTA;25/10/2025;SECRETARIA-GERAL  ;SAO PAULO;BELO HORIZONTE;Romeu Zema Neto;Governador de Minas Gerais;Secretaria-Geral do Estado de Minas Gerais
Traslado do Exmo. Governador de Minas e comitiva atÃ© a cidade de ConceiÃ§Ã£o do Mato Dentro/ MG;Romeu Zema Neto;Secretaria-Geral do Estado de Minas Gerais;PLANEJADA;01:27:00;PR-DTG;0064-2025;DTA;03/07/2025;SECRETARIA-GERAL;SERRO;BELO HORIZONTE;Romeu Zema Neto;Governador de Minas Gerais;Secretaria-Geral do Estado de Minas Gerais
Traslado do Exmo. Governador de Sete Lagoas/MG para Belo Horizonte.;Romeu Zema Neto;Secretaria-Geral do Estado de Minas Gerais;PLANEJADA;00:36:00;PP-LCE - PEGASUS 89;0130-2025;DTA;15/08/2025;SECRETARIA-GERAL;SETE LAGOAS;BELO HORIZONTE;Romeu Zema Neto;Governador de Minas Gerais;Secretaria-Geral do Estado de Minas Gerais
Traslado do Exmo. Governador de Uberaba/MG para Belo Horizonte.;Romeu Zema Neto;Secretaria-Geral do Estado de Minas Gerais;PLANEJADA;01:12:00;PP-LCE - PEGASUS 41;0138-2025;DTA;05/09/2025;SECRETARIA-GERAL;UBERABA;BELO HORIZONTE;Romeu Zema Neto;Governador de Minas Gerais;Secretaria-Geral do Estado de Minas Gerais
Traslado do Exmo. Sr. Governador do Estado de Minas Gerais e comitiva para a cidade de Uberlândia/MG;Romeu Zema Neto;Secretaria-Geral do Estado de Minas Gerais;PLANEJADA;01:06:00;PP-LCE - PEGASUS 130;0153-2025;DTA;06/10/2025;SECRETARIA-GERAL  ;UBERLANDIA;BELO HORIZONTE;Romeu Zema Neto;Governador de Minas Gerais;Secretaria-Geral do Estado de Minas Gerais
Traslado do Exmo. Governador de Minas e comitiva para reuniao em Brasilia/DF.;Romeu Zema Neto;Secretaria-Geral do Estado de Minas Gerais;PLANEJADA;01:30:00;PP-LCE - PEGASUS 24;0135-2025;DTA;01/09/2025;SECRETARIA-GERAL;BELO HORIZONTE;BRASILIA;Romeu Zema Neto;Governador de Minas Gerais;Secretaria-Geral do Estado de Minas Gerais
Traslado do Exmo. Sr. Governador de Minas Gerais e comitiva para a cidade de BrasÃ­lia/DF;Romeu Zema Neto;Secretaria-Geral do Estado de Minas Gerais;PLANEJADA;03:18:00;PT-MGS;0023-2025;DTA;11/06/2025;SECRETARIA-GERAL;BELO HORIZONTE;BRASILIA;Romeu Zema Neto;Governador de Minas Gerais;Secretaria-Geral do Estado de Minas Gerais
Traslado do Exmo. Governador de Minas e Comitiva atÃ© a cidade de BrasÃ­lia/DF;Romeu Zema Neto;Secretaria-Geral do Estado de Minas Gerais;PLANEJADA;02:48:00;PT-MGS;0035-2025;DTA;14/07/2025;SECRETARIA-GERAL;BELO HORIZONTE;BRASILIA;Romeu Zema Neto;Governador de Minas Gerais;Secretaria-Geral do Estado de Minas Gerais
Traslado do Exmo. Governador de Minas e comitiva atÃ© a cidade de Campinas/SP;Romeu Zema Neto;Secretaria-Geral do Estado de Minas Gerais;PLANEJADA;02:12:00;PT-MGS;0031-2025;DTA;03/07/2025;SECRETARIA-GERAL;BELO HORIZONTE;CAMPINAS;Romeu Zema Neto;Governador de Minas Gerais;Secretaria-Geral do Estado de Minas Gerais
Traslado do Exmo. Governador de Minas Gerais e comitiva para as cidades de São Paulo/SP, Campinas/SP e Araxá/MG.;Romeu Zema Neto;Secretaria-Geral do Estado de Minas Gerais;PLANEJADA;01:18:00;PP-LCE - PEGASUS 153;0158-2025;DTA;30/10/2025;SECRETARIA-GERAL  ;RIO DE JANEIRO;CAMPINAS;Romeu Zema Neto;Governador de Minas Gerais;Secretaria-Geral do Estado de Minas Gerais
Traslado do Exmo. Governador de Minas e comitiva atÃ© a cidade de ConceiÃ§Ã£o do Mato Dentro/ MG;Romeu Zema Neto;Secretaria-Geral do Estado de Minas Gerais;PLANEJADA;01:27:00;PR-DTG;0062-2025;DTA;03/07/2025;SECRETARIA-GERAL;BELO HORIZONTE;CONCEICAO DO MATO DENTRO;Romeu Zema Neto;Governador de Minas Gerais;Secretaria-Geral do Estado de Minas Gerais
Traslado do Exmo. Governador para reuniao em Curitiba/PR.;Romeu Zema Neto;Secretaria-Geral do Estado de Minas Gerais;PLANEJADA;02:12:00;PP-LCE - PEGASUS 72;0127-2025;DTA;12/08/2025;SECRETARIA-GERAL;BELO HORIZONTE;CURITIBA;Romeu Zema Neto;Governador de Minas Gerais;Secretaria-Geral do Estado de Minas Gerais
Traslado do Exmo. Governador para evento em Governador Valadares/MG.;Romeu Zema Neto;Secretaria-Geral do Estado de Minas Gerais;PLANEJADA;01:18:00;PP-LCE - PEGASUS 64;0125-2025;DTA;08/08/2025;SECRETARIA-GERAL;BELO HORIZONTE;GOVERNADOR VALADARES;Romeu Zema Neto;Governador de Minas Gerais;Secretaria-Geral do Estado de Minas Gerais
Traslado do Exmo. Governador para reuniao em Juiz de Fora/MG.;Romeu Zema Neto;Secretaria-Geral do Estado de Minas Gerais;PLANEJADA;00:48:00;PP-LCE - PEGASUS 46;0139-2025;DTA;08/09/2025;SECRETARIA-GERAL;BELO HORIZONTE;JUIZ DE FORA;Romeu Zema Neto;Governador de Minas Gerais;Secretaria-Geral do Estado de Minas Gerais
Traslado do Exmo. Governador de Minas Gerais e comitiva para a cidade de Mariana/MG;Romeu Zema Neto;Secretaria-Geral do Estado de Minas Gerais;PLANEJADA;01:05:00;PR-DTG;0071-2025;DTA;16/07/2025;SECRETARIA-GERAL;BELO HORIZONTE;MARIANA;Romeu Zema Neto;Governador de Minas Gerais;Secretaria-Geral do Estado de Minas Gerais
Traslado do Exmo. Sr. Governador do Estado de Minas Gerais e comitiva para as cidades de Montes Claros/MG e SÃ£o Paulo/SP;Romeu Zema Neto;Secretaria-Geral do Estado de Minas Gerais;PLANEJADA;03:24:00;PT-MGS;0016-2025;DTA;02/06/2025;SECRETARIA-GERAL;BELO HORIZONTE;MONTES CLAROS;Romeu Zema Neto;Governador de Minas Gerais;Secretaria-Geral do Estado de Minas Gerais
Traslado do Exmo. Sr. Governador de Minas Gerais e comitiva para a cidade de Montes Claros/MG.;Romeu Zema Neto;Secretaria-Geral do Estado de Minas Gerais;PLANEJADA;00:54:00;PP-LCE - PEGASUS 101;0148-2025;DTA;02/10/2025;SECRETARIA-GERAL  ;BELO HORIZONTE;MONTES CLAROS;Romeu Zema Neto;Governador de Minas Gerais;Secretaria-Geral do Estado de Minas Gerais
Traslado do Exmo. Governador de Minas Gerais e comitiva para as cidades de TrÃªs CoraÃ§Ãµes, Varginha e PoÃ§os de Caldas/MG e SÃ£o JoÃ£o da Boa Vista/SP;Romeu Zema Neto;Secretaria-Geral do Estado de Minas Gerais;PLANEJADA;02:30:00;PP-EJO;0037-2025;EsAF;11/07/2025;SECRETARIA-GERAL;VARGINHA;POCOS DE CALDAS;Romeu Zema Neto;Governador de Minas Gerais;Secretaria-Geral do Estado de Minas Gerais
Traslado do Exmo. Governador de Minas e Comitiva até a cidade de Porto Alegre/RS;Romeu Zema Neto;Secretaria-Geral do Estado de Minas Gerais;PLANEJADA;02:36:00;PP-LCE - PEGASUS 111;0150-2025;DTA;03/10/2025;SECRETARIA-GERAL  ;BELO HORIZONTE;PORTO ALEGRE;Romeu Zema Neto;Governador de Minas Gerais;Secretaria-Geral do Estado de Minas Gerais
Traslado do Exmo. Governador para reuniao em Rio de Janeiro/RJ.;Romeu Zema Neto;Secretaria-Geral do Estado de Minas Gerais;PLANEJADA;01:24:00;PP-LCE - PEGASUS 54;0123-2025;DTA;05/08/2025;SECRETARIA-GERAL;BELO HORIZONTE;RIO DE JANEIRO;Romeu Zema Neto;Governador de Minas Gerais;Secretaria-Geral do Estado de Minas Gerais
Traslado do Exmo. Governador de Minas Gerais e comitiva para as cidades de São Paulo/SP, Campinas/SP e Araxá/MG.;Romeu Zema Neto;Secretaria-Geral do Estado de Minas Gerais;PLANEJADA;01:06:00;PP-LCE - PEGASUS 147;0157-2025;DTA;25/10/2025;SECRETARIA-GERAL  ;SAO PAULO;RIO DE JANEIRO;Romeu Zema Neto;Governador de Minas Gerais;Secretaria-Geral do Estado de Minas Gerais
Traslado do Exmo. Sr. Governador do Estado de Minas Gerais e comitiva com destino a SÃ£o Paulo/SP (Congonhas);Romeu Zema Neto;Secretaria-Geral do Estado de Minas Gerais;PLANEJADA;02:30:00;PT-MGS;0020-2025;DTA;05/06/2025;SECRETARIA-GERAL;BELO HORIZONTE;SAO PAULO;Romeu Zema Neto;Governador de Minas Gerais;Secretaria-Geral do Estado de Minas Gerais
Traslado do Exmo. Governador de Minas e comitiva atÃ© a cidade de SÃ£o Paulo/SP(Congonhas);Romeu Zema Neto;Secretaria-Geral do Estado de Minas Gerais;PLANEJADA;01:18:00;PT-MGS;0025-2025;DTA;12/06/2025;SECRETARIA-GERAL;BELO HORIZONTE;SAO PAULO;Romeu Zema Neto;Governador de Minas Gerais;Secretaria-Geral do Estado de Minas Gerais
Traslado do Exmo. Governador de Minas Gerais e comitiva para as cidades de São Paulo/SP, Campinas/SP e Araxá/MG.;Romeu Zema Neto;Secretaria-Geral do Estado de Minas Gerais;PLANEJADA;01:30:00;PP-LCE - PEGASUS 141;0156-2025;DTA;29/10/2025;SECRETARIA-GERAL  ;BELO HORIZONTE;SAO PAULO;Romeu Zema Neto;Governador de Minas Gerais;Secretaria-Geral do Estado de Minas Gerais
Traslado do Exmo. Sr. Governador do Estado de Minas Gerais e comitiva para as cidades de Montes Claros/MG e SÃ£o Paulo/SP;Romeu Zema Neto;Secretaria-Geral do Estado de Minas Gerais;PLANEJADA;03:24:00;PT-MGS;0017-2025;DTA;02/06/2025;SECRETARIA-GERAL;MONTES CLAROS;SAO PAULO;Romeu Zema Neto;Governador de Minas Gerais;Secretaria-Geral do Estado de Minas Gerais
Traslado do Exmo. Governador para evento em Sete Lagoas/MG.;Romeu Zema Neto;Secretaria-Geral do Estado de Minas Gerais;PLANEJADA;00:36:00;PP-LCE - PEGASUS 84;0129-2025;DTA;15/08/2025;SECRETARIA-GERAL;BELO HORIZONTE;SETE LAGOAS;Romeu Zema Neto;Governador de Minas Gerais;Secretaria-Geral do Estado de Minas Gerais
Traslado do Exmo. Governador de Minas Gerais e comitiva para as cidades de TrÃªs CoraÃ§Ãµes, Varginha e PoÃ§os de Caldas/MG e SÃ£o JoÃ£o da Boa Vista/SP;Romeu Zema Neto;Secretaria-Geral do Estado de Minas Gerais;PLANEJADA;02:30:00;PP-EJO;0035-2025;EsAF;11/07/2025;SECRETARIA-GERAL;BELO HORIZONTE;TRES CORACOES;Romeu Zema Neto;Governador de Minas Gerais;Secretaria-Geral do Estado de Minas Gerais
Traslado do Exmo. Governador para evento em Uberaba/MG.;Romeu Zema Neto;Secretaria-Geral do Estado de Minas Gerais;PLANEJADA;01:12:00;PP-LCE - PEGASUS 36;0137-2025;DTA;05/09/2025;SECRETARIA-GERAL;BELO HORIZONTE;UBERABA;Romeu Zema Neto;Governador de Minas Gerais;Secretaria-Geral do Estado de Minas Gerais
Traslado do Exmo. Sr. Governador do Estado de Minas Gerais e comitiva para a cidade de Uberlândia/MG;Romeu Zema Neto;Secretaria-Geral do Estado de Minas Gerais;PLANEJADA;01:06:00;PP-LCE - PEGASUS 124;0152-2025;DTA;06/10/2025;SECRETARIA-GERAL  ;BELO HORIZONTE;UBERLANDIA;Romeu Zema Neto;Governador de Minas Gerais;Secretaria-Geral do Estado de Minas Gerais
Traslado do Exmo. Governador de Curitiba/PR para Belo Horizonte.;Romeu Zema Neto;Secretaria-Geral do Estado de Minas Gerais;PLANEJADA;02:12:00;PP-LCE - PEGASUS 83;0128-2025;DTA;13/08/2025;SECRETARIA-GERAL;CURITIBA;BELO HORIZONTE;Igor Augusto Tinoco da Silva;Imprensa;Secretaria de Estado de Comunicação Social
Traslado do Exmo. Governador de Minas e Comitiva até a cidade de Porto Alegre/RS;Romeu Zema Neto;Secretaria-Geral do Estado de Minas Gerais;PLANEJADA;02:36:00;PP-LCE - PEGASUS 122;0151-2025;DTA;04/10/2025;SECRETARIA-GERAL  ;PORTO ALEGRE;BELO HORIZONTE;Igor Augusto Tinoco da Silva;Imprensa;Secretaria de Estado de Comunicação Social
Traslado do Exmo. Governador de Minas Gerais e comitiva para as cidades de TrÃªs CoraÃ§Ãµes, Varginha e PoÃ§os de Caldas/MG e SÃ£o JoÃ£o da Boa Vista/SP;Romeu Zema Neto;Secretaria-Geral do Estado de Minas Gerais;PLANEJADA;02:30:00;PP-EJO;0039-2025;EsAF;11/07/2025;SECRETARIA-GERAL;SAO JOAO DA BOA VISTA;BELO HORIZONTE;Igor Augusto Tinoco da Silva;Imprensa;Secretaria de Estado de Comunicação Social
Traslado do Exmo. Sr. Governador do Estado de Minas Gerais e comitiva com destino a SÃ£o Paulo/SP (Congonhas);Romeu Zema Neto;Secretaria-Geral do Estado de Minas Gerais;PLANEJADA;02:30:00;PT-MGS;0022-2025;DTA;06/06/2025;SECRETARIA-GERAL;SAO PAULO;BELO HORIZONTE;Igor Augusto Tinoco da Silva;Imprensa;Secretaria de Estado de Comunicação Social
Traslado do Exmo. Governador para reuniao em Curitiba/PR.;Romeu Zema Neto;Secretaria-Geral do Estado de Minas Gerais;PLANEJADA;02:12:00;PP-LCE - PEGASUS 77;0127-2025;DTA;12/08/2025;SECRETARIA-GERAL;BELO HORIZONTE;CURITIBA;Igor Augusto Tinoco da Silva;Imprensa;Secretaria de Estado de Comunicação Social
Traslado do Exmo. Governador de Minas Gerais e comitiva para as cidades de TrÃªs CoraÃ§Ãµes, Varginha e PoÃ§os de Caldas/MG e SÃ£o JoÃ£o da Boa Vista/SP;Romeu Zema Neto;Secretaria-Geral do Estado de Minas Gerais;PLANEJADA;02:30:00;PP-EJO;0037-2025;EsAF;11/07/2025;SECRETARIA-GERAL;VARGINHA;POCOS DE CALDAS;Igor Augusto Tinoco da Silva;Imprensa;Secretaria de Estado de Comunicação Social
Traslado do Exmo. Governador de Minas e Comitiva até a cidade de Porto Alegre/RS;Romeu Zema Neto;Secretaria-Geral do Estado de Minas Gerais;PLANEJADA;02:36:00;PP-LCE - PEGASUS 116;0150-2025;DTA;03/10/2025;SECRETARIA-GERAL  ;BELO HORIZONTE;PORTO ALEGRE;Igor Augusto Tinoco da Silva;Imprensa;Secretaria de Estado de Comunicação Social
Traslado do Exmo. Sr. Governador do Estado de Minas Gerais e comitiva com destino a SÃ£o Paulo/SP (Congonhas);Romeu Zema Neto;Secretaria-Geral do Estado de Minas Gerais;PLANEJADA;02:30:00;PT-MGS;0020-2025;DTA;05/06/2025;SECRETARIA-GERAL;BELO HORIZONTE;SAO PAULO;Igor Augusto Tinoco da Silva;Imprensa;Secretaria de Estado de Comunicação Social
Traslado do Exmo. Governador de Minas Gerais e comitiva para as cidades de TrÃªs CoraÃ§Ãµes, Varginha e PoÃ§os de Caldas/MG e SÃ£o JoÃ£o da Boa Vista/SP;Romeu Zema Neto;Secretaria-Geral do Estado de Minas Gerais;PLANEJADA;02:30:00;PP-EJO;0039-2025;EsAF;11/07/2025;SECRETARIA-GERAL;SAO JOAO DA BOA VISTA;BELO HORIZONTE;Marcela Calixto da Silva;Imprensa;Secretaria de Estado de Comunicação Social
Traslado do Exmo. Sr. Governador do Estado de Minas Gerais e comitiva para as cidades de Montes Claros/MG e SÃ£o Paulo/SP;Romeu Zema Neto;Secretaria-Geral do Estado de Minas Gerais;PLANEJADA;03:24:00;PT-MGS;0016-2025;DTA;02/06/2025;SECRETARIA-GERAL;BELO HORIZONTE;MONTES CLAROS;Fernando Passalio de Avelar;Presidente;COPASA
Traslado do Exmo. Sr. Governador do Estado de Minas Gerais e comitiva para as cidades de Montes Claros/MG e SÃ£o Paulo/SP;Romeu Zema Neto;Secretaria-Geral do Estado de Minas Gerais;PLANEJADA;03:24:00;PT-MGS;0017-2025;DTA;02/06/2025;SECRETARIA-GERAL;MONTES CLAROS;SAO PAULO;Fernando Passalio de Avelar;Presidente;COPASA
Traslado do Exmo. Sr. Governador de Minas Gerais e comitiva para a cidade de BrasÃ­lia/DF;Romeu Zema Neto;Secretaria-Geral do Estado de Minas Gerais;PLANEJADA;03:18:00;PT-MGS;0024-2025;DTA;11/06/2025;SECRETARIA-GERAL;BRASILIA;BELO HORIZONTE;Luis Tadeu Martins Leite;Presidente;Assembleia Legislativa do Estado de Minas Gerais
Traslado do Exmo. Sr. Governador de Minas Gerais e comitiva para a cidade de BrasÃ­lia/DF;Romeu Zema Neto;Secretaria-Geral do Estado de Minas Gerais;PLANEJADA;03:18:00;PT-MGS;0023-2025;DTA;11/06/2025;SECRETARIA-GERAL;BELO HORIZONTE;BRASILIA;Luis Tadeu Martins Leite;Presidente;Assembleia Legislativa do Estado de Minas Gerais
Traslado do Exmo. Sr. Governador de Minas Gerais e comitiva para a cidade de BrasÃ­lia/DF;Romeu Zema Neto;Secretaria-Geral do Estado de Minas Gerais;PLANEJADA;03:18:00;PT-MGS;0024-2025;DTA;11/06/2025;SECRETARIA-GERAL;BRASILIA;BELO HORIZONTE;Paulo de Tarso Morais Filho;Procurador-Geral;Ministério Público do Estado de Minas Gerais
Traslado do Exmo. Sr. Governador do Estado de Minas Gerais e comitiva para as cidades de Montes Claros/MG e SÃ£o Paulo/SP;Romeu Zema Neto;Secretaria-Geral do Estado de Minas Gerais;PLANEJADA;03:24:00;PT-MGS;0016-2025;DTA;02/06/2025;SECRETARIA-GERAL;BELO HORIZONTE;MONTES CLAROS;Paulo de Tarso Morais Filho;Procurador-Geral;Ministério Público do Estado de Minas Gerais
Traslado do Exmo. Governador de Minas e comitiva atÃ© a cidade de ConceiÃ§Ã£o do Mato Dentro/ MG;Romeu Zema Neto;Secretaria-Geral do Estado de Minas Gerais;PLANEJADA;01:27:00;PR-DTG;0062-2025;DTA;03/07/2025;SECRETARIA-GERAL;BELO HORIZONTE;CONCEICAO DO MATO DENTRO;Gleisson dos Santos Correia;Redes Sociais;Secretaria de Estado de Comunicação Social
Traslado do Exmo. Governador de Curitiba/PR para Belo Horizonte.;Romeu Zema Neto;Secretaria-Geral do Estado de Minas Gerais;PLANEJADA;02:12:00;PP-LCE - PEGASUS 82;0128-2025;DTA;13/08/2025;SECRETARIA-GERAL;CURITIBA;BELO HORIZONTE;Paulo Vitor Lima de Guimaraes Vargas;Redes Sociais;Secretaria de Estado de Comunicação Social
Traslado do Exmo. Governador para reuniao em Curitiba/PR.;Romeu Zema Neto;Secretaria-Geral do Estado de Minas Gerais;PLANEJADA;02:12:00;PP-LCE - PEGASUS 76;0127-2025;DTA;12/08/2025;SECRETARIA-GERAL;BELO HORIZONTE;CURITIBA;Paulo Vitor Lima de Guimaraes Vargas;Redes Sociais;Secretaria de Estado de Comunicação Social
Traslado do Exmo. Governador de Minas Gerais e comitiva para as cidades de São Paulo/SP, Campinas/SP e Araxá/MG.;Romeu Zema Neto;Secretaria-Geral do Estado de Minas Gerais;PLANEJADA;00:54:00;PP-LCE - PEGASUS 164;0161-2025;DTA;31/10/2025;SECRETARIA-GERAL  ;CAMPINAS;ARAXA;Paulo Vitor Lima de Guimarães Vargas;Redes Sociais;Secretaria de Estado de Comunicação Social
Traslado do Exmo. Governador de Minas e Comitiva até a cidade de Porto Alegre/RS;Romeu Zema Neto;Secretaria-Geral do Estado de Minas Gerais;PLANEJADA;02:36:00;PP-LCE - PEGASUS 121;0151-2025;DTA;04/10/2025;SECRETARIA-GERAL  ;PORTO ALEGRE;BELO HORIZONTE;Paulo Vitor Lima de Guimarães Vargas;Redes Sociais;Secretaria de Estado de Comunicação Social
Traslado do Exmo. Governador de Minas Gerais e comitiva para as cidades de São Paulo/SP, Campinas/SP e Araxá/MG.;Romeu Zema Neto;Secretaria-Geral do Estado de Minas Gerais;PLANEJADA;01:18:00;PP-LCE - PEGASUS 158;0158-2025;DTA;30/10/2025;SECRETARIA-GERAL  ;RIO DE JANEIRO;CAMPINAS;Paulo Vitor Lima de Guimarães Vargas;Redes Sociais;Secretaria de Estado de Comunicação Social
Traslado do Exmo. Governador de Minas e Comitiva até a cidade de Porto Alegre/RS;Romeu Zema Neto;Secretaria-Geral do Estado de Minas Gerais;PLANEJADA;02:36:00;PP-LCE - PEGASUS 115;0150-2025;DTA;03/10/2025;SECRETARIA-GERAL  ;BELO HORIZONTE;PORTO ALEGRE;Paulo Vitor Lima de Guimarães Vargas;Redes Sociais;Secretaria de Estado de Comunicação Social
Traslado do Exmo. Sr. Governador de Minas Gerais e comitiva para a cidade de Montes Claros/MG.;Romeu Zema Neto;Secretaria-Geral do Estado de Minas Gerais;PLANEJADA;01:00:00;PP-LCE - PEGASUS 152;0157-2025;DTA;30/10/2025;SECRETARIA-GERAL  ;SAO PAULO;RIO DE JANEIRO;Paulo Vitor Lima de Guimarães Vargas;Redes Sociais;Secretaria de Estado de Comunicação Social
Traslado do Exmo. Governador de Minas Gerais e comitiva para as cidades de São Paulo/SP, Campinas/SP e Araxá/MG.;Romeu Zema Neto;Secretaria-Geral do Estado de Minas Gerais;PLANEJADA;01:30:00;PP-LCE - PEGASUS 146;0156-2025;DTA;29/10/2025;SECRETARIA-GERAL  ;BELO HORIZONTE;SAO PAULO;Paulo Vitor Lima de Guimarães Vargas;Redes Sociais;Secretaria de Estado de Comunicação Social
Traslado do Exmo. Sr. Governador de Minas Gerais e comitiva para a cidade de BrasÃ­lia/DF;Romeu Zema Neto;Secretaria-Geral do Estado de Minas Gerais;PLANEJADA;03:18:00;PT-MGS;0023-2025;DTA;11/06/2025;SECRETARIA-GERAL;BELO HORIZONTE;BRASILIA;MarÃ­lia Carvalho de Melo;Secretário de Estado;Secretaria de Estado de Meio Ambiente e Desenvolvimento Sustentãvel
Traslado do Exmo. Sr. Governador de Minas Gerais e comitiva para a cidade de BrasÃ­lia/DF;Romeu Zema Neto;Secretaria-Geral do Estado de Minas Gerais;PLANEJADA;03:18:00;PT-MGS;0024-2025;DTA;11/06/2025;SECRETARIA-GERAL;BRASILIA;BELO HORIZONTE;Luiz ClÃ¡udio Fernandes LourenÃ§o Gomes;Secretário de Estado;Secretaria de Estado da Fazenda
Traslado do Exmo. Sr. Governador de Minas Gerais e comitiva para a cidade de BrasÃ­lia/DF;Romeu Zema Neto;Secretaria-Geral do Estado de Minas Gerais;PLANEJADA;03:18:00;PT-MGS;0023-2025;DTA;11/06/2025;SECRETARIA-GERAL;BELO HORIZONTE;BRASILIA;Luiz ClÃ¡udio Fernandes LourenÃ§o Gomes;Secretário de Estado;Secretaria de Estado da Fazenda
Traslado do Exmo. Sr. Governador de Minas Gerais e comitiva para a cidade de BrasÃ­lia/DF;Romeu Zema Neto;Secretaria-Geral do Estado de Minas Gerais;PLANEJADA;03:18:00;PT-MGS;0024-2025;DTA;11/06/2025;SECRETARIA-GERAL;BRASILIA;BELO HORIZONTE;Marcelo Guilherme de Aro Ferreira;Secretário de Estado;SecretÃ¡rio de Estado de Governo
Traslado do Exmo. Governador de Minas e comitiva atÃ© a cidade de ConceiÃ§Ã£o do Mato Dentro/ MG;Romeu Zema Neto;Secretaria-Geral do Estado de Minas Gerais;PLANEJADA;01:27:00;PR-DTG;0064-2025;DTA;03/07/2025;SECRETARIA-GERAL;SERRO;BELO HORIZONTE;Pedro Bruno Barros de Souza;Secretário de Estado;Secretaria de Estado de Infraestrutura e Mobilidade
Traslado do Exmo. Governador de Minas e comitiva atÃ© a cidade de ConceiÃ§Ã£o do Mato Dentro/ MG;Romeu Zema Neto;Secretaria-Geral do Estado de Minas Gerais;PLANEJADA;01:27:00;PR-DTG;0062-2025;DTA;03/07/2025;SECRETARIA-GERAL;BELO HORIZONTE;CONCEIÃÃO DO MATO DENTRO;Pedro Bruno Barros de Souza;Secretário de Estado;Secretaria de Estado de Infraestrutura e Mobilidade
Traslado do Exmo. Governador de Minas Gerais e Comitiva de São Paulo/SP (Guarulhos) para Belo Horizonte.;Romeu Zema Neto;Secretaria-Geral do Estado de Minas Gerais;PLANEJADA;01:06:00;PP-LCE - PEGASUS 139;0155-2025;DTA;25/10/2025;SECRETARIA-GERAL  ;SAO PAULO;BELO HORIZONTE;Frederico Papatella Padovani;Secretário Adjunto;Secretaria de Estado da Casa Civil 
Traslado do Exmo. Governador de Sete Lagoas/MG para Belo Horizonte.;Romeu Zema Neto;Secretaria-Geral do Estado de Minas Gerais;PLANEJADA;00:36:00;PP-LCE - PEGASUS 93;0130-2025;DTA;15/08/2025;SECRETARIA-GERAL;SETE LAGOAS;BELO HORIZONTE;Frederico Papatella Padovani;Secretário Adjunto;Secretaria de Estado da Casa Civil 
Traslado do Exmo. Governador para evento em Sete Lagoas/MG.;Romeu Zema Neto;Secretaria-Geral do Estado de Minas Gerais;PLANEJADA;00:36:00;PP-LCE - PEGASUS 88;0129-2025;DTA;15/08/2025;SECRETARIA-GERAL;BELO HORIZONTE;SETE LAGOAS;Frederico Papatella Padovani;Secretário Adjunto;Secretaria de Estado da Casa Civil 
Traslado do Exmo. Governador de Minas Gerais e comitiva para as cidades de São Paulo/SP, Campinas/SP e Araxá/MG.;Romeu Zema Neto;Secretaria-Geral do Estado de Minas Gerais;PLANEJADA;00:54:00;PP-LCE - PEGASUS 162;0161-2025;DTA;31/10/2025;SECRETARIA-GERAL  ;CAMPINAS;ARAXA;Bernardo Assis Fonseca Santos;Secretário de Estado;Secretaria de Estado de Comunicação Social
Traslado do Exmo. Governador de Minas e comitiva de Brasilia/DF para Belo Horizonte.;Romeu Zema Neto;Secretaria-Geral do Estado de Minas Gerais;PLANEJADA;01:30:00;PP-LCE - PEGASUS 34;0136-2025;DTA;02/09/2025;SECRETARIA-GERAL;BRASILIA;BELO HORIZONTE;Bernardo Assis Fonseca Santos;Secretário de Estado;Secretaria de Estado de Comunicação Social
Traslado do Exmo. Governador de Curitiba/PR para Belo Horizonte.;Romeu Zema Neto;Secretaria-Geral do Estado de Minas Gerais;PLANEJADA;02:12:00;PP-LCE - PEGASUS 81;0128-2025;DTA;13/08/2025;SECRETARIA-GERAL;CURITIBA;BELO HORIZONTE;Bernardo Assis Fonseca Santos;Secretário de Estado;Secretaria de Estado de Comunicação Social
Traslado do Exmo. Governador de Juiz de Fora/MG para Belo Horizonte.;Romeu Zema Neto;Secretaria-Geral do Estado de Minas Gerais;PLANEJADA;00:48:00;PP-LCE - PEGASUS 53;0140-2025;DTA;08/09/2025;SECRETARIA-GERAL;JUIZ DE FORA;BELO HORIZONTE;Bernardo Assis Fonseca Santos;Secretário de Estado;Secretaria de Estado de Comunicação Social
Traslado do Exmo. Governador de Minas e Comitiva até a cidade de Porto Alegre/RS;Romeu Zema Neto;Secretaria-Geral do Estado de Minas Gerais;PLANEJADA;02:36:00;PP-LCE - PEGASUS 120;0151-2025;DTA;04/10/2025;SECRETARIA-GERAL  ;PORTO ALEGRE;BELO HORIZONTE;Bernardo Assis Fonseca Santos;Secretário de Estado;Secretaria de Estado de Comunicação Social
Traslado do Exmo. Governador de Rio de Janeiro/RJ para Belo Horizonte.;Romeu Zema Neto;Secretaria-Geral do Estado de Minas Gerais;PLANEJADA;01:24:00;PP-LCE - PEGASUS 62;0124-2025;DTA;06/08/2025;SECRETARIA-GERAL;RIO DE JANEIRO;BELO HORIZONTE;Bernardo Assis Fonseca Santos;Secretário de Estado;Secretaria de Estado de Comunicação Social
Traslado do Exmo. Sr. Governador do Estado de Minas Gerais e comitiva para as cidades de Montes Claros/MG e SÃ£o Paulo/SP;Romeu Zema Neto;Secretaria-Geral do Estado de Minas Gerais;PLANEJADA;03:24:00;PT-MGS;0018-2025;DTA;03/06/2025;SECRETARIA-GERAL;SAO PAULO;BELO HORIZONTE;Bernardo Assis Fonseca Santos;Secretário de Estado;Secretaria de Estado de Comunicação Social
Traslado do Exmo. Sr. Governador do Estado de Minas Gerais e comitiva para a cidade de Uberlândia/MG;Romeu Zema Neto;Secretaria-Geral do Estado de Minas Gerais;PLANEJADA;01:06:00;PP-LCE - PEGASUS 133;0153-2025;DTA;06/10/2025;SECRETARIA-GERAL  ;UBERLANDIA;BELO HORIZONTE;Bernardo Assis Fonseca Santos;Secretário de Estado;Secretaria de Estado de Comunicação Social
Traslado do Exmo. Governador de Minas e comitiva para reuniao em Brasilia/DF.;Romeu Zema Neto;Secretaria-Geral do Estado de Minas Gerais;PLANEJADA;01:30:00;PP-LCE - PEGASUS 28;0135-2025;DTA;01/09/2025;SECRETARIA-GERAL;BELO HORIZONTE;BRASILIA;Bernardo Assis Fonseca Santos;Secretário de Estado;Secretaria de Estado de Comunicação Social
Traslado do Exmo. Governador de Minas Gerais e comitiva para as cidades de São Paulo/SP, Campinas/SP e Araxá/MG.;Romeu Zema Neto;Secretaria-Geral do Estado de Minas Gerais;PLANEJADA;01:18:00;PP-LCE - PEGASUS 156;0158-2025;DTA;30/10/2025;SECRETARIA-GERAL  ;RIO DE JANEIRO;CAMPINAS;Bernardo Assis Fonseca Santos;Secretário de Estado;Secretaria de Estado de Comunicação Social
Traslado do Exmo. Governador para reuniao em Curitiba/PR.;Romeu Zema Neto;Secretaria-Geral do Estado de Minas Gerais;PLANEJADA;02:12:00;PP-LCE - PEGASUS 75;0127-2025;DTA;12/08/2025;SECRETARIA-GERAL;BELO HORIZONTE;CURITIBA;Bernardo Assis Fonseca Santos;Secretário de Estado;Secretaria de Estado de Comunicação Social
Traslado do Exmo. Governador para reuniao em Juiz de Fora/MG.;Romeu Zema Neto;Secretaria-Geral do Estado de Minas Gerais;PLANEJADA;00:48:00;PP-LCE - PEGASUS 49;0139-2025;DTA;08/09/2025;SECRETARIA-GERAL;BELO HORIZONTE;JUIZ DE FORA;Bernardo Assis Fonseca Santos;Secretário de Estado;Secretaria de Estado de Comunicação Social
Traslado do Exmo. Governador de Minas e Comitiva até a cidade de Porto Alegre/RS;Romeu Zema Neto;Secretaria-Geral do Estado de Minas Gerais;PLANEJADA;02:36:00;PP-LCE - PEGASUS 114;0150-2025;DTA;03/10/2025;SECRETARIA-GERAL  ;BELO HORIZONTE;PORTO ALEGRE;Bernardo Assis Fonseca Santos;Secretário de Estado;Secretaria de Estado de Comunicação Social
Traslado do Exmo. Governador para reuniao em Rio de Janeiro/RJ.;Romeu Zema Neto;Secretaria-Geral do Estado de Minas Gerais;PLANEJADA;01:24:00;PP-LCE - PEGASUS 57;0123-2025;DTA;05/08/2025;SECRETARIA-GERAL;BELO HORIZONTE;RIO DE JANEIRO;Bernardo Assis Fonseca Santos;Secretário de Estado;Secretaria de Estado de Comunicação Social
Traslado do Exmo. Governador de Minas Gerais e comitiva para as cidades de São Paulo/SP, Campinas/SP e Araxá/MG.;Romeu Zema Neto;Secretaria-Geral do Estado de Minas Gerais;PLANEJADA;01:00:00;PP-LCE - PEGASUS 150;0157-2025;DTA;30/10/2025;SECRETARIA-GERAL  ;SAO PAULO;RIO DE JANEIRO;Bernardo Assis Fonseca Santos;Secretário de Estado;Secretaria de Estado de Comunicação Social
Traslado do Exmo. Governador de Minas e comitiva atÃ© a cidade de SÃ£o Paulo/SP(Congonhas);Romeu Zema Neto;Secretaria-Geral do Estado de Minas Gerais;PLANEJADA;01:18:00;PT-MGS;0025-2025;DTA;12/06/2025;SECRETARIA-GERAL;BELO HORIZONTE;SAO PAULO;Bernardo Assis Fonseca Santos;Secretário de Estado;Secretaria de Estado de Comunicação Social
Traslado do Exmo. Governador de Minas Gerais e comitiva para as cidades de São Paulo/SP, Campinas/SP e Araxá/MG.;Romeu Zema Neto;Secretaria-Geral do Estado de Minas Gerais;PLANEJADA;01:30:00;PP-LCE - PEGASUS 144;0156-2025;DTA;29/10/2025;SECRETARIA-GERAL  ;BELO HORIZONTE;SAO PAULO;Bernardo Assis Fonseca Santos;Secretário de Estado;Secretaria de Estado de Comunicação Social
Traslado do Exmo. Sr. Governador do Estado de Minas Gerais e comitiva para a cidade de Uberlândia/MG;Romeu Zema Neto;Secretaria-Geral do Estado de Minas Gerais;PLANEJADA;01:06:00;PP-LCE - PEGASUS 127;0152-2025;DTA;06/10/2025;SECRETARIA-GERAL  ;BELO HORIZONTE;UBERLANDIA;Bernardo Assis Fonseca Santos;Secretário de Estado;Secretaria de Estado de Comunicação Social
Traslado do Exmo. Governador de Minas e comitiva até a cidade de São Paulo/SP.;Romeu Zema Neto;Secretaria-Geral do Estado de Minas Gerais;PLANEJADA;01:18:00;PP-LCE - PEGASUS 100;0147-2025;DTA;01/10/2025;SECRETARIA-GERAL  ;SAO PAULO;BELO HORIZONTE;Aline Brandão Silva;Subsecretária de Cerimonial e Eventos;Secretaria de Estado de Governo
Traslado do Exmo. Governador de Sete Lagoas/MG para Belo Horizonte.;Romeu Zema Neto;Secretaria-Geral do Estado de Minas Gerais;PLANEJADA;00:36:00;PP-LCE - PEGASUS 92;0130-2025;DTA;15/08/2025;SECRETARIA-GERAL;SETE LAGOAS;BELO HORIZONTE;Tomas Tavares Perdigao Mendes;Subsecretario;Secretaria de Estado de Desenvolvimento Social
Traslado do Exmo. Governador de Uberaba/MG para Belo Horizonte.;Romeu Zema Neto;Secretaria-Geral do Estado de Minas Gerais;PLANEJADA;01:12:00;PP-LCE - PEGASUS 44;0138-2025;DTA;05/09/2025;SECRETARIA-GERAL;UBERABA;BELO HORIZONTE;Tomas Tavares Perdigao Mendes;Subsecretario;Secretaria de Estado de Desenvolvimento Social
Traslado do Exmo. Governador para evento em Sete Lagoas/MG.;Romeu Zema Neto;Secretaria-Geral do Estado de Minas Gerais;PLANEJADA;00:36:00;PP-LCE - PEGASUS 87;0129-2025;DTA;15/08/2025;SECRETARIA-GERAL;BELO HORIZONTE;SETE LAGOAS;Tomas Tavares Perdigao Mendes;Subsecretario;Secretaria de Estado de Desenvolvimento Social
Traslado do Exmo. Governador para evento em Uberaba/MG.;Romeu Zema Neto;Secretaria-Geral do Estado de Minas Gerais;PLANEJADA;01:12:00;PP-LCE - PEGASUS 39;0137-2025;DTA;05/09/2025;SECRETARIA-GERAL;BELO HORIZONTE;UBERABA;Tomas Tavares Perdigao Mendes;Subsecretario;Secretaria de Estado de Desenvolvimento Social
Traslado do Exmo. Sr. Governador do Estado de Minas Gerais e comitiva para a cidade de Uberlândia/MG;Romeu Zema Neto;Secretaria-Geral do Estado de Minas Gerais;PLANEJADA;01:06:00;PP-LCE - PEGASUS 128;0152-2025;DTA;06/10/2025;SECRETARIA-GERAL  ;BELO HORIZONTE;UBERLANDIA;Tomás Tavares Perdigão Mendes;Subsecretario;Secretaria de Estado de Desenvolvimento Social
Traslado do Exmo. Sr. Governador do Estado de Minas Gerais e comitiva com destino a SÃ£o Paulo/SP (Congonhas);Romeu Zema Neto;Secretaria-Geral do Estado de Minas Gerais;PLANEJADA;02:30:00;PT-MGS;0022-2025;DTA;06/06/2025;SECRETARIA-GERAL;SAO PAULO;BELO HORIZONTE;Aluósio Eduardo Caetano de Medeiros;Superintendente de Comunição Digital;Secretaria de Estado de Comunicação Social
Traslado do Exmo. Sr. Governador do Estado de Minas Gerais e comitiva com destino a SÃ£o Paulo/SP (Congonhas);Romeu Zema Neto;Secretaria-Geral do Estado de Minas Gerais;PLANEJADA;02:30:00;PT-MGS;0020-2025;DTA;05/06/2025;SECRETARIA-GERAL;BELO HORIZONTE;SAO PAULO;Aluósio Eduardo Caetano de Medeiros;Superintendente de Comunição Digital;Secretaria de Estado de Comunicação Social
Traslado do Exmo. Governador de Minas e comitiva atÃ© a cidade de SÃ£o Paulo/SP(Congonhas);Romeu Zema Neto;Secretaria-Geral do Estado de Minas Gerais;PLANEJADA;01:18:00;PT-MGS;0025-2025;DTA;12/06/2025;SECRETARIA-GERAL;BELO HORIZONTE;SAO PAULO;Aluósio Eduardo Caetano de Medeiros;Superintendente de Comunição Digital;Secretaria de Estado de Comunicação Social
Traslado do Exmo. Sr. Governador de Minas Gerais e comitiva para a cidade de BrasÃ­lia/DF;Romeu Zema Neto;Secretaria-Geral do Estado de Minas Gerais;PLANEJADA;03:18:00;PT-MGS;0024-2025;DTA;11/06/2025;SECRETARIA-GERAL;BRASILIA;BELO HORIZONTE;Andre Valadares da Cruz;Videomaker;Secretaria de Estado de Comunicação Social
Traslado do Exmo. Governador de Minas e Comitiva atÃ© a cidade de BrasÃ­lia/DF;Romeu Zema Neto;Secretaria-Geral do Estado de Minas Gerais;PLANEJADA;02:48:00;PT-MGS;0036-2025;DTA;14/07/2025;SECRETARIA-GERAL;BRASILIA;BELO HORIZONTE;Andre Valadares da Cruz;Videomaker;Secretaria de Estado de Comunicação Social
Traslado do Exmo. Governador de Minas e comitiva atÃ© a cidade de Campinas/SP;Romeu Zema Neto;Secretaria-Geral do Estado de Minas Gerais;PLANEJADA;02:12:00;PT-MGS;0032-2025;DTA;04/07/2025;SECRETARIA-GERAL;CAMPINAS;BELO HORIZONTE;Andre Valadares da Cruz;Videomaker;Secretaria de Estado de Comunicação Social
Traslado do Exmo. Governador de Governador Valadares/MG para Belo Horizonte.;Romeu Zema Neto;Secretaria-Geral do Estado de Minas Gerais;PLANEJADA;01:18:00;PP-LCE - PEGASUS 71;0126-2025;DTA;08/08/2025;SECRETARIA-GERAL;GOVERNADOR VALADARES;BELO HORIZONTE;Andre Valadares da Cruz;Videomaker;Secretaria de Estado de Comunicação Social
Traslado do Exmo. Governador de Minas Gerais e comitiva para a cidade de Mariana/MG;Romeu Zema Neto;Secretaria-Geral do Estado de Minas Gerais;PLANEJADA;01:05:00;PR-DTG;0072-2025;DTA;16/07/2025;SECRETARIA-GERAL;MARIANA;BELO HORIZONTE;Andre Valadares da Cruz;Videomaker;Secretaria de Estado de Comunicação Social
Traslado do Exmo. Sr. Governador de Minas Gerais e comitiva para a cidade de Montes Claros/MG.;Romeu Zema Neto;Secretaria-Geral do Estado de Minas Gerais;PLANEJADA;01:00:00;PP-LCE - PEGASUS 108;0149-2025;DTA;02/10/2025;SECRETARIA-GERAL  ;MONTES CLAROS;BELO HORIZONTE;Andre Valadares da Cruz;Videomaker;Secretaria de Estado de Comunicação Social
Traslado do Exmo. Governador de Minas Gerais e comitiva para as cidades de TrÃªs CoraÃ§Ãµes, Varginha e PoÃ§os de Caldas/MG e SÃ£o JoÃ£o da Boa Vista/SP;Romeu Zema Neto;Secretaria-Geral do Estado de Minas Gerais;PLANEJADA;02:30:00;PP-EJO;0039-2025;EsAF;11/07/2025;SECRETARIA-GERAL;SAO JOAO DA BOA VISTA;BELO HORIZONTE;Andre Valadares da Cruz;Videomaker;Secretaria de Estado de Comunicação Social
Traslado do Exmo. Governador de Minas e comitiva até a cidade de São Paulo/SP.;Romeu Zema Neto;Secretaria-Geral do Estado de Minas Gerais;PLANEJADA;01:18:00;PP-LCE - PEGASUS 97;0147-2025;DTA;01/10/2025;SECRETARIA-GERAL  ;SAO PAULO;BELO HORIZONTE;Andre Valadares da Cruz;Videomaker;Secretaria de Estado de Comunicação Social
Traslado do Exmo. Governador de Uberaba/MG para Belo Horizonte.;Romeu Zema Neto;Secretaria-Geral do Estado de Minas Gerais;PLANEJADA;01:12:00;PP-LCE - PEGASUS 45;0138-2025;DTA;05/09/2025;SECRETARIA-GERAL;UBERABA;BELO HORIZONTE;Andre Valadares da Cruz;Videomaker;Secretaria de Estado de Comunicação Social
Traslado do Exmo. Sr. Governador do Estado de Minas Gerais e comitiva para a cidade de Uberlândia/MG;Romeu Zema Neto;Secretaria-Geral do Estado de Minas Gerais;PLANEJADA;01:06:00;PP-LCE - PEGASUS 134;0153-2025;DTA;06/10/2025;SECRETARIA-GERAL  ;UBERLANDIA;BELO HORIZONTE;Andre Valadares da Cruz;Videomaker;Secretaria de Estado de Comunicação Social
Traslado do Exmo. Sr. Governador de Minas Gerais e comitiva para a cidade de BrasÃ­lia/DF;Romeu Zema Neto;Secretaria-Geral do Estado de Minas Gerais;PLANEJADA;03:18:00;PT-MGS;0023-2025;DTA;11/06/2025;SECRETARIA-GERAL;BELO HORIZONTE;BRASILIA;Andre Valadares da Cruz;Videomaker;Secretaria de Estado de Comunicação Social
Traslado do Exmo. Governador de Minas e Comitiva atÃ© a cidade de BrasÃ­lia/DF;Romeu Zema Neto;Secretaria-Geral do Estado de Minas Gerais;PLANEJADA;02:48:00;PT-MGS;0035-2025;DTA;14/07/2025;SECRETARIA-GERAL;BELO HORIZONTE;BRASILIA;Andre Valadares da Cruz;Videomaker;Secretaria de Estado de Comunicação Social
Traslado do Exmo. Governador de Minas e comitiva atÃ© a cidade de Campinas/SP;Romeu Zema Neto;Secretaria-Geral do Estado de Minas Gerais;PLANEJADA;02:12:00;PT-MGS;0031-2025;DTA;03/07/2025;SECRETARIA-GERAL;BELO HORIZONTE;CAMPINAS;Andre Valadares da Cruz;Videomaker;Secretaria de Estado de Comunicação Social
Traslado do Exmo. Governador para evento em Governador Valadares/MG.;Romeu Zema Neto;Secretaria-Geral do Estado de Minas Gerais;PLANEJADA;01:18:00;PP-LCE - PEGASUS 67;0125-2025;DTA;08/08/2025;SECRETARIA-GERAL;BELO HORIZONTE;GOVERNADOR VALADARES;Andre Valadares da Cruz;Videomaker;Secretaria de Estado de Comunicação Social
Traslado do Exmo. Governador de Minas Gerais e comitiva para a cidade de Mariana/MG;Romeu Zema Neto;Secretaria-Geral do Estado de Minas Gerais;PLANEJADA;01:05:00;PR-DTG;0071-2025;DTA;16/07/2025;SECRETARIA-GERAL;BELO HORIZONTE;MARIANA;Andre Valadares da Cruz;Videomaker;Secretaria de Estado de Comunicação Social
Traslado do Exmo. Sr. Governador de Minas Gerais e comitiva para a cidade de Montes Claros/MG.;Romeu Zema Neto;Secretaria-Geral do Estado de Minas Gerais;PLANEJADA;00:54:00;PP-LCE - PEGASUS 103;0148-2025;DTA;02/10/2025;SECRETARIA-GERAL  ;BELO HORIZONTE;MONTES CLAROS;Andre Valadares da Cruz;Videomaker;Secretaria de Estado de Comunicação Social
Traslado do Exmo. Governador para evento em Uberaba/MG.;Romeu Zema Neto;Secretaria-Geral do Estado de Minas Gerais;PLANEJADA;01:12:00;PP-LCE - PEGASUS 40;0137-2025;DTA;05/09/2025;SECRETARIA-GERAL;BELO HORIZONTE;UBERABA;Andre Valadares da Cruz;Videomaker;Secretaria de Estado de Comunicação Social
Traslado do Exmo. Sr. Governador do Estado de Minas Gerais e comitiva para a cidade de Uberlândia/MG;Romeu Zema Neto;Secretaria-Geral do Estado de Minas Gerais;PLANEJADA;01:06:00;PP-LCE - PEGASUS 129;0152-2025;DTA;06/10/2025;SECRETARIA-GERAL  ;BELO HORIZONTE;UBERLANDIA;Andre Valadares da Cruz;Videomaker;Secretaria de Estado de Comunicação Social
